dt,AverageTemperature,AverageTemperatureUncertainty,Country
1816.0401,-6.754,4.423,Russia
1816.0501,3.2110000000000003,3.399,Russia
1816.0601,10.178999999999998,3.181,Russia
1816.0701,12.692,3.2030000000000003,Russia
1816.0801,11.789000000000001,3.012,Russia
1816.0901,4.454,3.054,Russia
1816.1001,-8.17,5.329,Russia
1816.1101,-17.017,6.2570000000000014,Russia
1816.1201,-25.039,4.474,Russia
1817.0101,-25.835,5.273,Russia
1817.0201,-21.598000000000003,4.716,Russia
1817.0301,-15.913,4.162,Russia
1817.0401,-6.196000000000001,3.927,Russia
1817.0501,2.595,3.47,Russia
1817.0601,9.235,3.172,Russia
1817.0701,12.966,2.952,Russia
1817.0801,12.906,3.148,Russia
1817.0901,2.263,3.335,Russia
1817.1001,-7.9670000000000005,3.844,Russia
1817.1101,-17.538,4.222,Russia
1817.1201,-28.436999999999998,4.564,Russia
1818.0101,-25.982,4.753,Russia
1818.0201,-25.346,4.291,Russia
1818.0301,-14.598,3.946,Russia
1818.0401,-4.459,5.292000000000002,Russia
1818.0501,4.0360000000000005,3.73,Russia
1818.0601,12.352,4.215,Russia
1818.0701,13.99,3.239,Russia
1818.0801,12.475,2.9560000000000004,Russia
1818.0901,4.654,3.24,Russia
1818.1001,-7.21,3.564,Russia
1818.1101,-16.944000000000006,5.061,Russia
1818.1201,-23.879,4.368,Russia
1819.0101,-26.359,4.503,Russia
1819.0201,-24.603,4.579,Russia
1819.0301,-17.948999999999995,5.723,Russia
1819.0401,-7.858,3.69,Russia
1819.0501,2.168,3.402,Russia
1819.0601,11.093,3.105,Russia
1819.0701,13.436,2.842,Russia
1819.0801,11.321,3.033,Russia
1819.0901,5.41,2.9930000000000003,Russia
1819.1001,-4.5280000000000005,3.298,Russia
1819.1101,-17.339000000000002,4.181,Russia
1819.1201,-25.978,4.41,Russia
1820.0101,-28.645,6.153,Russia
1820.0201,-24.666999999999998,4.588,Russia
1820.0301,-15.642000000000001,4.097,Russia
1820.0401,-4.994,3.676,Russia
1820.0501,4.449,3.327,Russia
1820.0601,11.53,3.037,Russia
1820.0701,13.932,3.485,Russia
1820.0801,10.691,2.932,Russia
1820.0901,4.976,2.478,Russia
1820.1001,-5.981999999999998,2.285,Russia
1820.1101,-17.223000000000006,2.653,Russia
1820.1201,-25.566999999999997,3.04,Russia
1821.0101,-24.335,3.2230000000000003,Russia
1821.0201,-21.585,3.5210000000000004,Russia
1821.0301,-15.359000000000002,2.532,Russia
1821.0401,-6.465,2.772,Russia
1821.0501,4.1690000000000005,2.398,Russia
1821.0601,10.223,2.505,Russia
1821.0701,13.714,2.715,Russia
1821.0801,11.884,2.331,Russia
1821.0901,3.5780000000000003,2.454,Russia
1821.1001,-5.111000000000001,2.301,Russia
1821.1101,-15.558000000000002,2.907,Russia
1821.1201,-23.767000000000003,3.032,Russia
1822.0101,-24.857,3.023,Russia
1822.0201,-20.258,2.94,Russia
1822.0301,-12.277999999999999,2.555,Russia
1822.0401,-5.551,2.501,Russia
1822.0501,2.803,2.419,Russia
1822.0601,10.937000000000001,2.34,Russia
1822.0701,14.555,2.286,Russia
1822.0801,11.92,2.702,Russia
1822.0901,4.6930000000000005,2.5980000000000003,Russia
1822.1001,-5.77,2.385,Russia
1822.1101,-17.09,2.7960000000000003,Russia
1822.1201,-24.892000000000003,3.532,Russia
1823.0101,-27.255,3.111,Russia
1823.0201,-23.68,3.214,Russia
1823.0301,-15.014000000000001,2.672,Russia
1823.0401,-6.892,2.875,Russia
1823.0501,3.56,2.504,Russia
1823.0601,12.684000000000001,2.514,Russia
1823.0701,14.844000000000001,2.295,Russia
1823.0801,11.94,2.394,Russia
1823.0901,4.253,2.364,Russia
1823.1001,-6.559,2.458,Russia
1823.1101,-17.861,2.869,Russia
1823.1201,-24.462000000000003,2.835,Russia
1824.0101,-26.038,2.945,Russia
1824.0201,-22.59,3.095,Russia
1824.0301,-14.860999999999999,2.724,Russia
1824.0401,-6.2170000000000005,2.857,Russia
1824.0501,3.4810000000000003,2.6660000000000004,Russia
1824.0601,10.98,3.299,Russia
1824.0701,15.095,3.019,Russia
1824.0801,12.132,2.435,Russia
1824.0901,5.466,2.454,Russia
1824.1001,-5.424,2.396,Russia
1824.1101,-14.863,2.785,Russia
1824.1201,-20.761999999999997,3.114,Russia
1825.0101,-23.831,3.1860000000000004,Russia
1825.0201,-22.794,2.927,Russia
1825.0301,-15.697000000000001,2.712,Russia
1825.0401,-5.4590000000000005,2.758,Russia
1825.0501,3.1140000000000003,2.305,Russia
1825.0601,12.338,2.232,Russia
1825.0701,14.069,2.582,Russia
1825.0801,12.095,2.475,Russia
1825.0901,4.4110000000000005,2.556,Russia
1825.1001,-5.635,2.552,Russia
1825.1101,-14.215000000000002,3.028,Russia
1825.1201,-23.574,2.78,Russia
1826.0101,-26.2,2.907,Russia
1826.0201,-25.035999999999998,2.909,Russia
1826.0301,-15.536,2.6180000000000003,Russia
1826.0401,-5.487,3.139,Russia
1826.0501,4.819,2.4090000000000003,Russia
1826.0601,11.719000000000001,2.431,Russia
1826.0701,15.544,2.315,Russia
1826.0801,12.245,2.319,Russia
1826.0901,5.156000000000001,2.76,Russia
1826.1001,-5.391,2.665,Russia
1826.1101,-14.567,2.602,Russia
1826.1201,-21.072000000000006,3.033,Russia
1827.0101,-23.86,3.474,Russia
1827.0201,-21.98,2.859,Russia
1827.0301,-13.969000000000001,2.603,Russia
1827.0401,-4.593999999999999,3.3310000000000004,Russia
1827.0501,4.659,2.844,Russia
1827.0601,11.887,2.455,Russia
1827.0701,15.511,2.279,Russia
1827.0801,12.628,2.307,Russia
1827.0901,4.731,2.275,Russia
1827.1001,-6.061,2.384,Russia
1827.1101,-14.82,2.638,Russia
1827.1201,-24.590999999999998,2.9560000000000004,Russia
1828.0101,-28.958000000000002,3.069,Russia
1828.0201,-25.151,3.1910000000000003,Russia
1828.0301,-15.32,2.761,Russia
1828.0401,-5.871,2.7910000000000004,Russia
1828.0501,3.913,2.696,Russia
1828.0601,12.376,2.482,Russia
1828.0701,14.8,2.608,Russia
1828.0801,12.588,2.591,Russia
1828.0901,3.61,2.322,Russia
1828.1001,-5.198,2.434,Russia
1828.1101,-15.770999999999999,2.756,Russia
1828.1201,-24.335,3.136,Russia
1829.0101,-26.561,2.943,Russia
1829.0201,-23.994,3.5580000000000003,Russia
1829.0301,-16.524,2.611,Russia
1829.0401,-7.591,2.471,Russia
1829.0501,3.48,2.3680000000000003,Russia
1829.0601,10.712,2.417,Russia
1829.0701,15.46,2.139,Russia
1829.0801,12.134,2.135,Russia
1829.0901,4.431,1.992,Russia
1829.1001,-5.053,2.1830000000000003,Russia
1829.1101,-16.244,2.295,Russia
1829.1201,-24.425,2.695,Russia
1830.0101,-25.084,2.464,Russia
1830.0201,-21.993,2.101,Russia
1830.0301,-16.722,2.015,Russia
1830.0401,-6.2410000000000005,1.956,Russia
1830.0501,2.716,2.087,Russia
1830.0601,10.768,1.981,Russia
1830.0701,15.024,2.249,Russia
1830.0801,12.437000000000001,2.138,Russia
1830.0901,3.608,1.884,Russia
1830.1001,-6.877000000000001,2.12,Russia
1830.1101,-13.718000000000002,2.325,Russia
1830.1201,-21.843000000000004,2.614,Russia
1831.0101,-26.365,2.879,Russia
1831.0201,-23.418000000000003,3.1260000000000003,Russia
1831.0301,-17.336,2.069,Russia
1831.0401,-7.135,1.84,Russia
1831.0501,3.0069999999999997,2.225,Russia
1831.0601,11.091,2.466,Russia
1831.0701,13.93,2.161,Russia
1831.0801,10.691,1.969,Russia
1831.0901,3.428,2.077,Russia
1831.1001,-6.151999999999999,1.884,Russia
1831.1101,-18.198,2.1830000000000003,Russia
1831.1201,-23.622,2.19,Russia
1832.0101,-26.647,2.361,Russia
1832.0201,-22.324,2.216,Russia
1832.0301,-15.839,2.338,Russia
1832.0401,-5.96,2.395,Russia
1832.0501,2.707,2.232,Russia
1832.0601,10.078,2.075,Russia
1832.0701,13.548,1.901,Russia
1832.0801,10.154,2.023,Russia
1832.0901,3.54,2.009,Russia
1832.1001,-4.881,2.216,Russia
1832.1101,-17.908,1.918,Russia
1832.1201,-26.642000000000003,2.474,Russia
1833.0101,-26.413,2.484,Russia
1833.0201,-22.934,2.22,Russia
1833.0301,-17.451,2.187,Russia
1833.0401,-7.186,1.991,Russia
1833.0501,2.5940000000000003,1.814,Russia
1833.0601,10.841,1.731,Russia
1833.0701,13.754000000000001,1.931,Russia
1833.0801,11.630999999999998,2.04,Russia
1833.0901,4.557,1.806,Russia
1833.1001,-6.042000000000001,1.913,Russia
1833.1101,-13.379,2.261,Russia
1833.1201,-23.945999999999998,2.6460000000000004,Russia
1834.0101,-29.033,2.106,Russia
1834.0201,-23.868000000000002,2.471,Russia
1834.0301,-14.395999999999999,2.051,Russia
1834.0401,-6.282,2.427,Russia
1834.0501,3.901,1.764,Russia
1834.0601,11.162,1.938,Russia
1834.0701,13.876,1.842,Russia
1834.0801,12.334000000000001,1.81,Russia
1834.0901,5.424,2.027,Russia
1834.1001,-4.799,1.895,Russia
1834.1101,-14.884,2.4730000000000003,Russia
1834.1201,-22.773000000000003,1.836,Russia
1835.0101,-24.62,2.39,Russia
1835.0201,-21.54,2.048,Russia
1835.0301,-16.257,1.934,Russia
1835.0401,-6.236000000000001,2.096,Russia
1835.0501,2.042,1.991,Russia
1835.0601,9.663,2.016,Russia
1835.0701,13.026,1.951,Russia
1835.0801,10.463,1.806,Russia
1835.0901,3.699,1.859,Russia
1835.1001,-5.682,1.807,Russia
1835.1101,-18.522,2.113,Russia
1835.1201,-27.462000000000003,1.9,Russia
1836.0101,-25.991999999999997,2.022,Russia
1836.0201,-23.416999999999998,2.168,Russia
1836.0301,-14.062999999999999,1.777,Russia
1836.0401,-6.897,2.252,Russia
1836.0501,1.9730000000000003,2.094,Russia
1836.0601,10.414000000000001,1.84,Russia
1836.0701,13.911,1.77,Russia
1836.0801,10.84,2.088,Russia
1836.0901,4.760999999999999,1.87,Russia
1836.1001,-3.833,1.913,Russia
1836.1101,-17.544,1.859,Russia
1836.1201,-23.22,2.322,Russia
1837.0101,-26.006999999999998,2.452,Russia
1837.0201,-22.641,2.208,Russia
1837.0301,-17.570999999999998,1.957,Russia
1837.0401,-8.269,1.943,Russia
1837.0501,2.018,2.031,Russia
1837.0601,10.007,2.017,Russia
1837.0701,13.440999999999999,1.86,Russia
1837.0801,11.975,2.044,Russia
1837.0901,4.1339999999999995,1.845,Russia
1837.1001,-6.308,1.987,Russia
1837.1101,-17.569000000000006,2.109,Russia
1837.1201,-24.35,1.966,Russia
1838.0101,-30.577,2.449,Russia
1838.0201,-24.955,1.99,Russia
1838.0301,-18.171,1.781,Russia
1838.0401,-6.093,1.683,Russia
1838.0501,2.5610000000000004,1.72,Russia
1838.0601,10.624,1.579,Russia
1838.0701,15.267999999999999,1.766,Russia
1838.0801,13.155,1.711,Russia
1838.0901,4.722,1.649,Russia
1838.1001,-4.433,1.608,Russia
1838.1101,-15.78,1.84,Russia
1838.1201,-23.34,2.027,Russia
1839.0101,-24.698,2.253,Russia
1839.0201,-22.666999999999998,2.045,Russia
1839.0301,-19.208,1.681,Russia
1839.0401,-7.292000000000001,1.683,Russia
1839.0501,3.742,1.519,Russia
1839.0601,10.989,1.594,Russia
1839.0701,15.946,1.595,Russia
1839.0801,13.299000000000001,1.761,Russia
1839.0901,5.083,1.538,Russia
1839.1001,-5.404,1.6840000000000002,Russia
1839.1101,-18.645,1.849,Russia
1839.1201,-28.396,1.815,Russia
1840.0101,-24.851,2.401,Russia
1840.0201,-24.313000000000002,2.378,Russia
1840.0301,-18.646,2.074,Russia
1840.0401,-5.747999999999999,1.784,Russia
1840.0501,4.285,1.5719999999999998,Russia
1840.0601,12.362,1.639,Russia
1840.0701,15.597000000000001,1.525,Russia
1840.0801,11.753,1.925,Russia
1840.0901,4.31,1.571,Russia
1840.1001,-7.3020000000000005,1.644,Russia
1840.1101,-19.202,2.305,Russia
1840.1201,-25.494,1.599,Russia
1841.0101,-28.941999999999997,2.294,Russia
1841.0201,-24.4,1.68,Russia
1841.0301,-18.559,1.543,Russia
1841.0401,-7.246,2.003,Russia
1841.0501,3.4250000000000003,1.586,Russia
1841.0601,11.907,1.599,Russia
1841.0701,15.754000000000001,1.587,Russia
1841.0801,13.316,1.608,Russia
1841.0901,4.236000000000001,1.648,Russia
1841.1001,-4.949,1.504,Russia
1841.1101,-17.785999999999998,2.37,Russia
1841.1201,-23.963,1.648,Russia
1842.0101,-27.151,1.892,Russia
1842.0201,-23.213,1.6840000000000002,Russia
1842.0301,-15.272,1.6230000000000002,Russia
1842.0401,-6.894,1.831,Russia
1842.0501,2.861,1.545,Russia
1842.0601,10.575,1.527,Russia
1842.0701,14.59,1.445,Russia
1842.0801,12.225,1.422,Russia
1842.0901,4.651,1.615,Russia
1842.1001,-5.586,1.465,Russia
1842.1101,-16.079,1.538,Russia
1842.1201,-22.64,1.797,Russia
1843.0101,-24.436,1.866,Russia
1843.0201,-19.53,1.79,Russia
1843.0301,-14.652999999999999,1.996,Russia
1843.0401,-7.0089999999999995,1.6230000000000002,Russia
1843.0501,2.279,1.538,Russia
1843.0601,11.117,1.4409999999999998,Russia
1843.0701,15.034,1.492,Russia
1843.0801,12.214,1.519,Russia
1843.0901,5.121,1.682,Russia
1843.1001,-3.917,1.4269999999999998,Russia
1843.1101,-16.16,1.477,Russia
1843.1201,-21.230999999999998,1.6269999999999998,Russia
1844.0101,-24.569000000000003,1.751,Russia
1844.0201,-25.182,2.189,Russia
1844.0301,-15.833,1.6269999999999998,Russia
1844.0401,-7.0360000000000005,1.622,Russia
1844.0501,3.61,1.48,Russia
1844.0601,11.725,1.597,Russia
1844.0701,14.765,1.473,Russia
1844.0801,12.58,1.6030000000000002,Russia
1844.0901,4.927,1.6269999999999998,Russia
1844.1001,-4.893,1.651,Russia
1844.1101,-18.222,2.269,Russia
1844.1201,-26.511999999999997,2.102,Russia
1845.0101,-25.449,2.279,Russia
1845.0201,-26.03,2.049,Russia
1845.0301,-16.988,1.686,Russia
1845.0401,-6.415,1.671,Russia
1845.0501,2.5130000000000003,1.741,Russia
1845.0601,11.138,1.784,Russia
1845.0701,15.084000000000001,1.587,Russia
1845.0801,12.479000000000001,1.646,Russia
1845.0901,5.459,1.6780000000000002,Russia
1845.1001,-5.996,1.689,Russia
1845.1101,-16.282,2.105,Russia
1845.1201,-24.81,2.278,Russia
1846.0101,-24.904,2.17,Russia
1846.0201,-22.759,1.853,Russia
1846.0301,-13.81,1.736,Russia
1846.0401,-7.035,2.089,Russia
1846.0501,3.205,1.923,Russia
1846.0601,11.837,2.046,Russia
1846.0701,15.987,1.749,Russia
1846.0801,12.845999999999998,1.869,Russia
1846.0901,5.125,2.155,Russia
1846.1001,-5.454,1.681,Russia
1846.1101,-16.894000000000002,1.826,Russia
1846.1201,-23.351000000000006,1.7380000000000002,Russia
1847.0101,-25.46,2.1630000000000003,Russia
1847.0201,-22.613000000000003,1.83,Russia
1847.0301,-17.761,2.185,Russia
1847.0401,-6.949,2.021,Russia
1847.0501,2.846,1.715,Russia
1847.0601,11.064,1.619,Russia
1847.0701,14.6,1.696,Russia
1847.0801,12.73,1.915,Russia
1847.0901,5.995,1.709,Russia
1847.1001,-5.041,1.5719999999999998,Russia
1847.1101,-15.151000000000002,1.6969999999999998,Russia
1847.1201,-25.424000000000003,1.735,Russia
1848.0101,-28.814,2.047,Russia
1848.0201,-20.092,2.441,Russia
1848.0301,-15.472999999999999,1.641,Russia
1848.0401,-5.9270000000000005,1.72,Russia
1848.0501,2.5680000000000005,1.768,Russia
1848.0601,11.459000000000001,1.952,Russia
1848.0701,15.151,1.754,Russia
1848.0801,12.213,1.895,Russia
1848.0901,5.401,1.565,Russia
1848.1001,-4.832,1.736,Russia
1848.1101,-15.796,1.719,Russia
1848.1201,-24.358,1.976,Russia
1849.0101,-25.185,2.152,Russia
1849.0201,-21.026999999999997,1.985,Russia
1849.0301,-13.890999999999998,1.95,Russia
1849.0401,-7.217,2.126,Russia
1849.0501,2.202,1.589,Russia
1849.0601,11.526,1.891,Russia
1849.0701,15.189,1.605,Russia
1849.0801,12.629000000000001,1.661,Russia
1849.0901,4.1530000000000005,1.736,Russia
1849.1001,-4.096,1.885,Russia
1849.1101,-15.145999999999999,2.228,Russia
1849.1201,-25.863000000000003,1.808,Russia
1850.0101,-29.389,1.993,Russia
1850.0201,-21.635,2.317,Russia
1850.0301,-14.682,2.253,Russia
1850.0401,-6.756,1.6869999999999998,Russia
1850.0501,2.1069999999999998,1.737,Russia
1850.0601,10.853,1.62,Russia
1850.0701,14.887,1.5630000000000002,Russia
1850.0801,12.984000000000002,1.6269999999999998,Russia
1850.0901,4.721,1.561,Russia
1850.1001,-7.686,2.134,Russia
1850.1101,-18.977,2.548,Russia
1850.1201,-23.545,1.6840000000000002,Russia
1851.0101,-25.678,1.827,Russia
1851.0201,-23.252,1.805,Russia
1851.0301,-18.340999999999998,1.669,Russia
1851.0401,-8.222999999999999,1.655,Russia
1851.0501,4.277,1.69,Russia
1851.0601,11.909,1.856,Russia
1851.0701,15.799000000000001,1.591,Russia
1851.0801,13.187000000000001,1.69,Russia
1851.0901,5.942,1.612,Russia
1851.1001,-4.495,1.7,Russia
1851.1101,-16.908,1.736,Russia
1851.1201,-22.252,2.147,Russia
1852.0101,-25.101999999999997,2.382,Russia
1852.0201,-24.419,1.84,Russia
1852.0301,-17.007,1.83,Russia
1852.0401,-7.135,1.931,Russia
1852.0501,4.448,1.634,Russia
1852.0601,11.082,1.585,Russia
1852.0701,14.606,1.568,Russia
1852.0801,11.436,1.914,Russia
1852.0901,5.343,1.527,Russia
1852.1001,-5.567,1.607,Russia
1852.1101,-18.414,1.675,Russia
1852.1201,-21.747,2.188,Russia
1853.0101,-26.568,1.859,Russia
1853.0201,-25.057,2.4730000000000003,Russia
1853.0301,-17.862000000000002,1.929,Russia
1853.0401,-7.881,1.786,Russia
1853.0501,3.4739999999999998,1.541,Russia
1853.0601,11.285,1.556,Russia
1853.0701,15.387,1.729,Russia
1853.0801,13.106,1.632,Russia
1853.0901,4.938,1.646,Russia
1853.1001,-4.886,1.79,Russia
1853.1101,-17.617,1.85,Russia
1853.1201,-23.631,1.7480000000000002,Russia
1854.0101,-28.173,2.184,Russia
1854.0201,-23.998,2.474,Russia
1854.0301,-15.65,2.086,Russia
1854.0401,-6.0200000000000005,2.132,Russia
1854.0501,4.2,1.6469999999999998,Russia
1854.0601,10.445,1.794,Russia
1854.0701,15.374,1.581,Russia
1854.0801,13.349,1.602,Russia
1854.0901,5.466,1.5930000000000002,Russia
1854.1001,-2.378,1.747,Russia
1854.1101,-15.777999999999999,1.664,Russia
1854.1201,-22.72,1.998,Russia
1855.0101,-24.083,1.825,Russia
1855.0201,-21.982,2.14,Russia
1855.0301,-16.148,1.944,Russia
1855.0401,-4.115,1.912,Russia
1855.0501,4.453,1.805,Russia
1855.0601,11.803999999999998,1.843,Russia
1855.0701,13.886,1.993,Russia
1855.0801,12.814,1.997,Russia
1855.0901,4.861000000000001,1.947,Russia
1855.1001,-5.031000000000001,2.021,Russia
1855.1101,-16.998,2.032,Russia
1855.1201,-26.144,2.588,Russia
1856.0101,-24.366999999999997,2.053,Russia
1856.0201,-25.014,2.046,Russia
1856.0301,-17.226,1.754,Russia
1856.0401,-6.917000000000001,1.824,Russia
1856.0501,2.8040000000000003,1.93,Russia
1856.0601,11.496,2.119,Russia
1856.0701,15.113,1.931,Russia
1856.0801,12.028,1.887,Russia
1856.0901,4.302,1.926,Russia
1856.1001,-6.222,1.931,Russia
1856.1101,-16.382,1.904,Russia
1856.1201,-22.680000000000003,2.007,Russia
1857.0101,-25.739,2.201,Russia
1857.0201,-24.358,2.367,Russia
1857.0301,-16.512999999999998,1.823,Russia
1857.0401,-7.655,1.721,Russia
1857.0501,1.818,1.764,Russia
1857.0601,10.476,1.741,Russia
1857.0701,14.34,1.723,Russia
1857.0801,12.32,1.837,Russia
1857.0901,4.35,1.6969999999999998,Russia
1857.1001,-6.1979999999999995,1.739,Russia
1857.1101,-17.119,1.881,Russia
1857.1201,-23.568,1.945,Russia
1858.0101,-24.939,2.563,Russia
1858.0201,-23.268,1.902,Russia
1858.0301,-16.436,1.817,Russia
1858.0401,-4.928,1.866,Russia
1858.0501,4.769,1.714,Russia
1858.0601,11.212,1.755,Russia
1858.0701,14.875,1.802,Russia
1858.0801,11.925999999999998,1.779,Russia
1858.0901,4.63,1.729,Russia
1858.1001,-4.706,1.736,Russia
1858.1101,-15.435,1.873,Russia
1858.1201,-24.814,1.98,Russia
1859.0101,-25.369,2.002,Russia
1859.0201,-22.090999999999998,2.28,Russia
1859.0301,-15.283,1.7919999999999998,Russia
1859.0401,-4.375,1.7819999999999998,Russia
1859.0501,3.9819999999999998,1.749,Russia
1859.0601,11.731,1.788,Russia
1859.0701,14.09,1.729,Russia
1859.0801,11.880999999999998,1.6769999999999998,Russia
1859.0901,4.4849999999999985,1.6880000000000002,Russia
1859.1001,-5.02,1.805,Russia
1859.1101,-14.732999999999999,2.212,Russia
1859.1201,-22.040000000000006,2.244,Russia
1860.0101,-27.959,2.22,Russia
1860.0201,-23.945999999999998,2.153,Russia
1860.0301,-19.396,2.312,Russia
1860.0401,-6.261,1.822,Russia
1860.0501,3.83,1.843,Russia
1860.0601,11.152000000000001,1.816,Russia
1860.0701,14.925,1.7380000000000002,Russia
1860.0801,13.054,1.871,Russia
1860.0901,6.176,1.809,Russia
1860.1001,-4.614,1.775,Russia
1860.1101,-17.885,1.98,Russia
1860.1201,-28.504,2.1,Russia
1861.0101,-29.46,2.182,Russia
1861.0201,-24.305,2.107,Russia
1861.0301,-15.379000000000001,1.921,Russia
1861.0401,-7.056,1.917,Russia
1861.0501,4.2669999999999995,1.791,Russia
1861.0601,10.731,1.972,Russia
1861.0701,14.790999999999999,1.897,Russia
1861.0801,13.383,1.742,Russia
1861.0901,5.596,1.745,Russia
1861.1001,-5.9049999999999985,1.807,Russia
1861.1101,-16.918,2.153,Russia
1861.1201,-25.289,2.462,Russia
1862.0101,-28.831999999999997,2.394,Russia
1862.0201,-24.747,1.662,Russia
1862.0301,-16.387,1.741,Russia
1862.0401,-6.444,1.9,Russia
1862.0501,2.371,1.685,Russia
1862.0601,10.479000000000001,1.816,Russia
1862.0701,14.559,1.511,Russia
1862.0801,11.91,1.5830000000000002,Russia
1862.0901,4.834,1.624,Russia
1862.1001,-5.972,1.506,Russia
1862.1101,-17.302,1.588,Russia
1862.1201,-27.646,1.935,Russia
1863.0101,-24.311999999999998,1.862,Russia
1863.0201,-21.855,1.715,Russia
1863.0301,-15.402999999999999,1.58,Russia
1863.0401,-4.9,1.673,Russia
1863.0501,4.501,1.651,Russia
1863.0601,10.97,1.802,Russia
1863.0701,14.308,1.753,Russia
1863.0801,12.669,1.61,Russia
1863.0901,5.202000000000001,1.597,Russia
1863.1001,-5.615,1.68,Russia
1863.1101,-16.107,1.745,Russia
1863.1201,-23.048,1.823,Russia
1864.0101,-26.718000000000004,1.777,Russia
1864.0201,-22.999000000000002,1.693,Russia
1864.0301,-15.183,1.632,Russia
1864.0401,-5.841,1.621,Russia
1864.0501,3.877,1.4780000000000002,Russia
1864.0601,12.036,1.526,Russia
1864.0701,14.977,1.638,Russia
1864.0801,12.788,1.489,Russia
1864.0901,4.642,1.4880000000000002,Russia
1864.1001,-5.79,1.536,Russia
1864.1101,-18.476,2.254,Russia
1864.1201,-25.404000000000003,1.6909999999999998,Russia
1865.0101,-23.717,1.758,Russia
1865.0201,-25.294,1.773,Russia
1865.0301,-17.889,1.579,Russia
1865.0401,-7.489,1.813,Russia
1865.0501,2.918,1.4980000000000002,Russia
1865.0601,11.103,1.584,Russia
1865.0701,15.272,1.616,Russia
1865.0801,12.188,1.433,Russia
1865.0901,5.377999999999999,1.515,Russia
1865.1001,-5.082,1.497,Russia
1865.1101,-15.411,1.853,Russia
1865.1201,-22.982000000000006,1.997,Russia
1866.0101,-22.863000000000003,2.02,Russia
1866.0201,-24.467,1.665,Russia
1866.0301,-15.955,1.656,Russia
1866.0401,-6.356,1.539,Russia
1866.0501,3.737,1.599,Russia
1866.0601,11.039000000000001,1.5630000000000002,Russia
1866.0701,15.200999999999999,1.47,Russia
1866.0801,12.313,1.4680000000000002,Russia
1866.0901,6.023,1.63,Russia
1866.1001,-5.799,1.497,Russia
1866.1101,-15.082,1.551,Russia
1866.1201,-21.628,1.795,Russia
1867.0101,-25.923,1.7919999999999998,Russia
1867.0201,-23.128,1.989,Russia
1867.0301,-16.359,1.702,Russia
1867.0401,-6.202000000000001,1.742,Russia
1867.0501,2.261,1.466,Russia
1867.0601,11.148,1.574,Russia
1867.0701,15.030999999999999,1.519,Russia
1867.0801,12.125,1.601,Russia
1867.0901,5.777,1.546,Russia
1867.1001,-4.335,1.538,Russia
1867.1101,-14.011,2.028,Russia
1867.1201,-22.9,2.106,Russia
1868.0101,-26.785999999999998,2.186,Russia
1868.0201,-24.269000000000002,2.271,Russia
1868.0301,-16.261,1.903,Russia
1868.0401,-4.933,2.027,Russia
1868.0501,4.091,1.895,Russia
1868.0601,11.287,1.853,Russia
1868.0701,15.254000000000001,1.759,Russia
1868.0801,12.878,1.832,Russia
1868.0901,5.318,1.809,Russia
1868.1001,-4.207,1.834,Russia
1868.1101,-17.580000000000002,2.07,Russia
1868.1201,-23.886999999999997,2.157,Russia
1869.0101,-26.923,2.145,Russia
1869.0201,-20.811,2.279,Russia
1869.0301,-16.1,2.189,Russia
1869.0401,-5.909,1.962,Russia
1869.0501,3.5500000000000003,1.905,Russia
1869.0601,11.755,1.812,Russia
1869.0701,15.21,1.77,Russia
1869.0801,13.424000000000001,1.829,Russia
1869.0901,6.26,1.759,Russia
1869.1001,-4.513,1.946,Russia
1869.1101,-14.801000000000002,1.934,Russia
1869.1201,-25.125,1.962,Russia
1870.0101,-26.916999999999998,1.7619999999999998,Russia
1870.0201,-25.984,1.767,Russia
1870.0301,-15.755999999999998,1.638,Russia
1870.0401,-6.694,1.619,Russia
1870.0501,3.484,1.528,Russia
1870.0601,12.271,1.463,Russia
1870.0701,15.722999999999999,1.5719999999999998,Russia
1870.0801,12.014000000000001,1.602,Russia
1870.0901,5.649,1.584,Russia
1870.1001,-5.692,1.646,Russia
1870.1101,-17.802,1.874,Russia
1870.1201,-27.37,1.706,Russia
1871.0101,-28.105,1.602,Russia
1871.0201,-27.006999999999998,1.964,Russia
1871.0301,-15.392999999999999,1.52,Russia
1871.0401,-5.542999999999999,1.536,Russia
1871.0501,2.05,1.685,Russia
1871.0601,10.703,1.337,Russia
1871.0701,15.514000000000001,1.43,Russia
1871.0801,12.934000000000001,1.457,Russia
1871.0901,5.345,1.476,Russia
1871.1001,-5.172000000000001,1.4369999999999998,Russia
1871.1101,-17.044,1.63,Russia
1871.1201,-23.441999999999997,1.661,Russia
1872.0101,-28.76,2.884,Russia
1872.0201,-25.298,1.862,Russia
1872.0301,-16.107,1.957,Russia
1872.0401,-7.2650000000000015,1.851,Russia
1872.0501,4.158,1.7519999999999998,Russia
1872.0601,10.607000000000001,1.5719999999999998,Russia
1872.0701,15.135,1.581,Russia
1872.0801,13.588,1.422,Russia
1872.0901,5.527,1.371,Russia
1872.1001,-4.69,1.378,Russia
1872.1101,-17.247,1.739,Russia
1872.1201,-26.705,2.708,Russia
1873.0101,-26.564,1.628,Russia
1873.0201,-22.128,1.715,Russia
1873.0301,-15.865,1.7619999999999998,Russia
1873.0401,-8.071,1.5659999999999998,Russia
1873.0501,3.0439999999999996,1.6869999999999998,Russia
1873.0601,11.428999999999998,1.364,Russia
1873.0701,14.952,1.484,Russia
1873.0801,12.913,1.414,Russia
1873.0901,4.49,1.453,Russia
1873.1001,-3.4410000000000003,1.473,Russia
1873.1101,-16.018,1.683,Russia
1873.1201,-22.996,1.638,Russia
1874.0101,-23.304,2.8080000000000003,Russia
1874.0201,-21.729,2.4330000000000003,Russia
1874.0301,-15.612,1.992,Russia
1874.0401,-4.942,1.793,Russia
1874.0501,4.79,1.843,Russia
1874.0601,11.761,1.926,Russia
1874.0701,14.831,1.722,Russia
1874.0801,13.428,1.764,Russia
1874.0901,6.295,1.7009999999999998,Russia
1874.1001,-4.833,1.7280000000000002,Russia
1874.1101,-14.997,1.734,Russia
1874.1201,-24.355,1.857,Russia
1875.0101,-26.084,1.866,Russia
1875.0201,-22.845,2.215,Russia
1875.0301,-16.182000000000002,1.611,Russia
1875.0401,-6.21,1.649,Russia
1875.0501,3.3369999999999997,1.54,Russia
1875.0601,12.305,1.594,Russia
1875.0701,15.384,1.505,Russia
1875.0801,12.159,1.5219999999999998,Russia
1875.0901,4.823,1.586,Russia
1875.1001,-5.388999999999999,1.591,Russia
1875.1101,-18.235,1.858,Russia
1875.1201,-26.088,1.903,Russia
1876.0101,-26.052,1.858,Russia
1876.0201,-22.943,1.788,Russia
1876.0301,-14.415,2.146,Russia
1876.0401,-5.9479999999999995,1.88,Russia
1876.0501,2.181,1.659,Russia
1876.0601,11.358,1.775,Russia
1876.0701,15.353,1.761,Russia
1876.0801,12.259,1.693,Russia
1876.0901,5.448,1.557,Russia
1876.1001,-4.673,1.579,Russia
1876.1101,-16.622,1.793,Russia
1876.1201,-27.965000000000003,2.164,Russia
1877.0101,-25.854,2.134,Russia
1877.0201,-24.02,1.876,Russia
1877.0301,-14.639000000000001,1.646,Russia
1877.0401,-7.121,1.671,Russia
1877.0501,3.4370000000000003,1.592,Russia
1877.0601,11.856,2.377,Russia
1877.0701,15.187000000000001,1.535,Russia
1877.0801,12.835,1.675,Russia
1877.0901,5.51,1.671,Russia
1877.1001,-4.206,1.6569999999999998,Russia
1877.1101,-14.266000000000002,2.353,Russia
1877.1201,-25.955,2.228,Russia
1878.0101,-27.44,2.07,Russia
1878.0201,-21.945999999999998,1.952,Russia
1878.0301,-13.151,1.824,Russia
1878.0401,-5.848,1.683,Russia
1878.0501,3.407,1.612,Russia
1878.0601,12.502,1.746,Russia
1878.0701,15.22,1.68,Russia
1878.0801,13.173,1.631,Russia
1878.0901,6.147,1.5759999999999998,Russia
1878.1001,-4.3260000000000005,1.592,Russia
1878.1101,-16.265,1.949,Russia
1878.1201,-24.33,1.7919999999999998,Russia
1879.0101,-26.612,1.827,Russia
1879.0201,-23.063000000000002,1.941,Russia
1879.0301,-15.68,1.703,Russia
1879.0401,-7.251,1.734,Russia
1879.0501,3.173,1.658,Russia
1879.0601,11.06,1.668,Russia
1879.0701,15.452,2.013,Russia
1879.0801,11.818,1.909,Russia
1879.0901,5.497000000000001,1.601,Russia
1879.1001,-3.842,1.774,Russia
1879.1101,-16.455000000000002,1.774,Russia
1879.1201,-24.234,1.936,Russia
1880.0101,-27.647,2.108,Russia
1880.0201,-23.837,1.859,Russia
1880.0301,-15.793,1.968,Russia
1880.0401,-7.257999999999999,1.751,Russia
1880.0501,3.989,1.633,Russia
1880.0601,11.576,1.714,Russia
1880.0701,14.987,1.6569999999999998,Russia
1880.0801,13.219000000000001,1.721,Russia
1880.0901,5.010999999999999,1.967,Russia
1880.1001,-6.736000000000001,1.823,Russia
1880.1101,-13.794,2.613,Russia
1880.1201,-22.563,1.993,Russia
1881.0101,-25.749000000000002,2.018,Russia
1881.0201,-24.359,1.985,Russia
1881.0301,-15.205,1.768,Russia
1881.0401,-5.6160000000000005,1.6030000000000002,Russia
1881.0501,2.9530000000000003,1.524,Russia
1881.0601,9.937000000000001,1.4380000000000002,Russia
1881.0701,14.505999999999998,1.406,Russia
1881.0801,12.738,1.456,Russia
1881.0901,4.3889999999999985,1.4280000000000002,Russia
1881.1001,-5.307,1.378,Russia
1881.1101,-16.459,1.891,Russia
1881.1201,-24.250999999999998,2.227,Russia
1882.0101,-23.193,1.86,Russia
1882.0201,-19.829,1.971,Russia
1882.0301,-13.475,1.521,Russia
1882.0401,-6.431,1.624,Russia
1882.0501,4.0089999999999995,1.371,Russia
1882.0601,10.492,1.383,Russia
1882.0701,14.595,1.375,Russia
1882.0801,12.938,1.304,Russia
1882.0901,5.392,1.233,Russia
1882.1001,-7.648,1.3130000000000002,Russia
1882.1101,-18.34,1.495,Russia
1882.1201,-27.657000000000004,1.284,Russia
1883.0101,-27.24,1.345,Russia
1883.0201,-24.074,1.6130000000000002,Russia
1883.0301,-14.657,1.445,Russia
1883.0401,-6.199,1.188,Russia
1883.0501,3.401,1.178,Russia
1883.0601,10.173,1.296,Russia
1883.0701,15.311,1.298,Russia
1883.0801,11.829,1.193,Russia
1883.0901,4.677,1.153,Russia
1883.1001,-4.64,1.249,Russia
1883.1101,-17.187,1.261,Russia
1883.1201,-21.559,1.524,Russia
1884.0101,-24.531,1.456,Russia
1884.0201,-22.259,1.4409999999999998,Russia
1884.0301,-18.500999999999998,1.4169999999999998,Russia
1884.0401,-8.908000000000003,1.266,Russia
1884.0501,1.847,1.306,Russia
1884.0601,9.749,1.23,Russia
1884.0701,14.679,1.257,Russia
1884.0801,11.209000000000001,1.17,Russia
1884.0901,4.178,1.27,Russia
1884.1001,-4.18,1.23,Russia
1884.1101,-15.671,1.3130000000000002,Russia
1884.1201,-21.791999999999998,1.624,Russia
1885.0101,-29.129,1.435,Russia
1885.0201,-22.984,1.3330000000000002,Russia
1885.0301,-14.487,1.2009999999999998,Russia
1885.0401,-8.156,1.159,Russia
1885.0501,1.5050000000000003,1.139,Russia
1885.0601,10.383,1.022,Russia
1885.0701,14.799000000000001,1.08,Russia
1885.0801,11.088,1.171,Russia
1885.0901,4.609,1.226,Russia
1885.1001,-6.0920000000000005,1.137,Russia
1885.1101,-18.374,1.4980000000000002,Russia
1885.1201,-23.369,1.719,Russia
1886.0101,-26.346,1.672,Russia
1886.0201,-24.06,1.485,Russia
1886.0301,-17.262999999999998,1.315,Russia
1886.0401,-5.707000000000001,1.139,Russia
1886.0501,2.38,1.176,Russia
1886.0601,9.445,1.251,Russia
1886.0701,15.305,1.374,Russia
1886.0801,11.565,1.227,Russia
1886.0901,5.685,1.222,Russia
1886.1001,-6.881,1.4169999999999998,Russia
1886.1101,-16.983,1.2819999999999998,Russia
1886.1201,-20.691000000000006,1.608,Russia
1887.0101,-28.026,1.589,Russia
1887.0201,-21.897,2.046,Russia
1887.0301,-15.339,1.283,Russia
1887.0401,-5.9350000000000005,1.052,Russia
1887.0501,4.064,1.2,Russia
1887.0601,11.890999999999998,1.016,Russia
1887.0701,15.249,1.114,Russia
1887.0801,11.185,1.019,Russia
1887.0901,5.731,1.16,Russia
1887.1001,-5.496,1.203,Russia
1887.1101,-17.483,1.5619999999999998,Russia
1887.1201,-24.587000000000003,1.3769999999999998,Russia
1888.0101,-25.941999999999997,1.57,Russia
1888.0201,-25.855999999999998,1.515,Russia
1888.0301,-17.909000000000002,1.362,Russia
1888.0401,-6.666,1.15,Russia
1888.0501,3.734,1.045,Russia
1888.0601,11.092,1.109,Russia
1888.0701,15.399,1.042,Russia
1888.0801,12.43,1.021,Russia
1888.0901,4.916,1.092,Russia
1888.1001,-4.9529999999999985,1.134,Russia
1888.1101,-16.226000000000006,1.203,Russia
1888.1201,-26.971000000000004,1.382,Russia
1889.0101,-27.827,1.26,Russia
1889.0201,-20.45,1.365,Russia
1889.0301,-17.477,1.359,Russia
1889.0401,-5.254,1.09,Russia
1889.0501,3.577,1.196,Russia
1889.0601,11.195,0.993,Russia
1889.0701,15.12,1.01,Russia
1889.0801,12.069,1.241,Russia
1889.0901,5.4110000000000005,1.129,Russia
1889.1001,-6.197,1.177,Russia
1889.1101,-18.598000000000006,1.519,Russia
1889.1201,-24.807,1.46,Russia
1890.0101,-27.915,1.339,Russia
1890.0201,-24.448,1.479,Russia
1890.0301,-16.026,1.362,Russia
1890.0401,-6.041,1.151,Russia
1890.0501,1.873,1.104,Russia
1890.0601,11.34,1.114,Russia
1890.0701,15.384,1.016,Russia
1890.0801,12.901,1.036,Russia
1890.0901,5.8279999999999985,1.203,Russia
1890.1001,-2.634,1.071,Russia
1890.1101,-20.21,1.594,Russia
1890.1201,-25.133000000000006,1.422,Russia
1891.0101,-27.544,1.0590000000000002,Russia
1891.0201,-22.721,1.008,Russia
1891.0301,-13.145999999999999,1.048,Russia
1891.0401,-7.576,0.943,Russia
1891.0501,3.471,1.054,Russia
1891.0601,11.008,0.962,Russia
1891.0701,14.620999999999999,0.964,Russia
1891.0801,12.204,0.904,Russia
1891.0901,4.84,0.92,Russia
1891.1001,-6.303999999999999,1.002,Russia
1891.1101,-19.092,1.046,Russia
1891.1201,-23.965,1.244,Russia
1892.0101,-28.37,1.454,Russia
1892.0201,-25.296,1.153,Russia
1892.0301,-17.3,1.225,Russia
1892.0401,-7.635,1.0590000000000002,Russia
1892.0501,3.969,1.125,Russia
1892.0601,12.4,0.91,Russia
1892.0701,14.707,1.034,Russia
1892.0801,12.234000000000002,0.947,Russia
1892.0901,5.811,0.981,Russia
1892.1001,-4.1080000000000005,1.013,Russia
1892.1101,-17.824,1.218,Russia
1892.1201,-24.936999999999998,1.0759999999999998,Russia
1893.0101,-30.497,1.5590000000000002,Russia
1893.0201,-24.73,1.132,Russia
1893.0301,-13.719000000000001,1.213,Russia
1893.0401,-3.8310000000000004,0.856,Russia
1893.0501,3.748,0.86,Russia
1893.0601,11.396999999999998,1.057,Russia
1893.0701,15.712,0.843,Russia
1893.0801,11.658,0.893,Russia
1893.0901,5.882999999999999,0.813,Russia
1893.1001,-3.624,0.8220000000000001,Russia
1893.1101,-14.591,1.065,Russia
1893.1201,-24.064,1.035,Russia
1894.0101,-26.021,1.346,Russia
1894.0201,-20.348,1.143,Russia
1894.0301,-14.167,0.951,Russia
1894.0401,-6.295,1.087,Russia
1894.0501,4.452,0.853,Russia
1894.0601,10.457999999999998,0.8240000000000001,Russia
1894.0701,15.267999999999999,0.8109999999999999,Russia
1894.0801,12.882,1.039,Russia
1894.0901,5.441,0.8059999999999999,Russia
1894.1001,-4.9529999999999985,0.897,Russia
1894.1101,-17.475,1.334,Russia
1894.1201,-23.636000000000006,0.95,Russia
1895.0101,-28.336,0.935,Russia
1895.0201,-27.476,0.863,Russia
1895.0301,-16.527,0.867,Russia
1895.0401,-7.657,0.968,Russia
1895.0501,2.92,0.915,Russia
1895.0601,11.066,0.7390000000000001,Russia
1895.0701,15.757,0.763,Russia
1895.0801,12.175999999999998,0.754,Russia
1895.0901,6.402,0.7809999999999999,Russia
1895.1001,-3.8280000000000003,0.794,Russia
1895.1101,-15.825999999999999,0.8640000000000001,Russia
1895.1201,-24.039,0.823,Russia
1896.0101,-26.024,1.2990000000000002,Russia
1896.0201,-22.926,1.053,Russia
1896.0301,-16.885,0.795,Russia
1896.0401,-8.397,1.0490000000000002,Russia
1896.0501,3.759,0.862,Russia
1896.0601,12.347000000000001,0.845,Russia
1896.0701,14.959000000000001,0.779,Russia
1896.0801,12.739,0.863,Russia
1896.0901,6.032,0.841,Russia
1896.1001,-2.612,0.8590000000000001,Russia
1896.1101,-16.268,1.203,Russia
1896.1201,-24.965999999999998,0.8440000000000001,Russia
1897.0101,-27.574,1.414,Russia
1897.0201,-23.895,0.931,Russia
1897.0301,-16.982,0.872,Russia
1897.0401,-5.461,0.85,Russia
1897.0501,5.5760000000000005,0.7659999999999999,Russia
1897.0601,11.484000000000002,1.379,Russia
1897.0701,15.547,0.7979999999999999,Russia
1897.0801,12.623,0.941,Russia
1897.0901,6.022,0.899,Russia
1897.1001,-4.807,0.906,Russia
1897.1101,-15.561000000000002,1.571,Russia
1897.1201,-23.631,0.992,Russia
1898.0101,-24.329,1.581,Russia
1898.0201,-23.734,1.144,Russia
1898.0301,-20.328,1.15,Russia
1898.0401,-7.297999999999999,0.96,Russia
1898.0501,2.741,0.908,Russia
1898.0601,11.396999999999998,0.942,Russia
1898.0701,15.532,0.77,Russia
1898.0801,12.823,0.897,Russia
1898.0901,5.755,0.865,Russia
1898.1001,-5.8279999999999985,0.8009999999999999,Russia
1898.1101,-15.909,0.983,Russia
1898.1201,-22.23,1.388,Russia
1899.0101,-24.408,1.02,Russia
1899.0201,-23.279,0.8190000000000001,Russia
1899.0301,-16.066,0.957,Russia
1899.0401,-5.92,0.8340000000000001,Russia
1899.0501,3.403,0.921,Russia
1899.0601,10.449000000000002,0.8009999999999999,Russia
1899.0701,14.609000000000002,0.821,Russia
1899.0801,12.605,0.954,Russia
1899.0901,6.26,0.8490000000000001,Russia
1899.1001,-2.884,1.0490000000000002,Russia
1899.1101,-13.830000000000002,1.116,Russia
1899.1201,-25.448,1.112,Russia
1900.0101,-29.659000000000002,0.931,Russia
1900.0201,-23.451,1.021,Russia
1900.0301,-14.698,0.82,Russia
1900.0401,-6.678,0.836,Russia
1900.0501,4.176,0.6809999999999999,Russia
1900.0601,10.555,0.754,Russia
1900.0701,14.6,0.888,Russia
1900.0801,12.545,0.812,Russia
1900.0901,5.962000000000001,0.684,Russia
1900.1001,-3.591,0.8640000000000001,Russia
1900.1101,-16.247,0.897,Russia
1900.1201,-24.006,1.202,Russia
1901.0101,-27.323,1.131,Russia
1901.0201,-20.81,1.149,Russia
1901.0301,-13.414000000000001,0.961,Russia
1901.0401,-4.495,0.81,Russia
1901.0501,3.835,0.757,Russia
1901.0601,11.939,0.7140000000000001,Russia
1901.0701,14.597000000000001,0.755,Russia
1901.0801,12.488,0.83,Russia
1901.0901,4.954,0.7879999999999999,Russia
1901.1001,-5.898,0.7090000000000001,Russia
1901.1101,-15.972,1.003,Russia
1901.1201,-25.421999999999997,0.967,Russia
1902.0101,-27.0,0.871,Russia
1902.0201,-22.096,0.909,Russia
1902.0301,-17.836,0.934,Russia
1902.0401,-8.078,0.765,Russia
1902.0501,1.815,0.918,Russia
1902.0601,10.687000000000001,0.7959999999999999,Russia
1902.0701,14.999,0.7829999999999999,Russia
1902.0801,11.825,0.858,Russia
1902.0901,5.252999999999999,0.7609999999999999,Russia
1902.1001,-7.375,0.759,Russia
1902.1101,-20.338,0.706,Russia
1902.1201,-25.889000000000006,1.071,Russia
1903.0101,-25.346999999999998,0.99,Russia
1903.0201,-18.63,1.208,Russia
1903.0301,-14.571,0.8390000000000001,Russia
1903.0401,-5.975,0.7659999999999999,Russia
1903.0501,3.4610000000000003,0.647,Russia
1903.0601,10.808,0.777,Russia
1903.0701,15.247,0.81,Russia
1903.0801,11.863,0.7559999999999999,Russia
1903.0901,5.346,0.757,Russia
1903.1001,-5.89,0.695,Russia
1903.1101,-14.987000000000002,0.677,Russia
1903.1201,-25.555999999999997,0.763,Russia
1904.0101,-25.351,1.054,Russia
1904.0201,-23.526,0.946,Russia
1904.0301,-14.315,0.693,Russia
1904.0401,-5.779,0.669,Russia
1904.0501,3.466,0.8640000000000001,Russia
1904.0601,10.813,0.725,Russia
1904.0701,14.154000000000002,0.698,Russia
1904.0801,12.328,0.805,Russia
1904.0901,4.73,0.741,Russia
1904.1001,-4.598,0.841,Russia
1904.1101,-13.676000000000002,0.901,Russia
1904.1201,-23.268,0.949,Russia
1905.0101,-23.936,1.182,Russia
1905.0201,-22.565,1.179,Russia
1905.0301,-15.895999999999999,0.737,Russia
1905.0401,-7.004,0.74,Russia
1905.0501,3.256,0.79,Russia
1905.0601,10.35,0.831,Russia
1905.0701,14.523,0.828,Russia
1905.0801,11.927,0.8809999999999999,Russia
1905.0901,5.789,0.787,Russia
1905.1001,-4.564,1.062,Russia
1905.1101,-16.063000000000002,1.111,Russia
1905.1201,-24.061999999999998,0.992,Russia
1906.0101,-28.053,1.012,Russia
1906.0201,-24.583000000000002,1.099,Russia
1906.0301,-13.849,0.85,Russia
1906.0401,-3.451,0.932,Russia
1906.0501,4.289,0.883,Russia
1906.0601,12.584000000000001,0.8109999999999999,Russia
1906.0701,14.699000000000002,0.928,Russia
1906.0801,13.569,0.722,Russia
1906.0901,5.581,0.64,Russia
1906.1001,-3.819,0.665,Russia
1906.1101,-17.949,0.7559999999999999,Russia
1906.1201,-20.239,1.188,Russia
1907.0101,-28.408,0.784,Russia
1907.0201,-22.953000000000003,1.044,Russia
1907.0301,-14.398,0.736,Russia
1907.0401,-4.337,0.779,Russia
1907.0501,3.343,0.617,Russia
1907.0601,10.845,0.619,Russia
1907.0701,14.495,0.6859999999999999,Russia
1907.0801,12.886,0.691,Russia
1907.0901,6.247000000000001,0.6629999999999999,Russia
1907.1001,-4.125,0.795,Russia
1907.1101,-18.105,0.631,Russia
1907.1201,-27.987,0.746,Russia
1908.0101,-28.675,1.166,Russia
1908.0201,-22.103,1.379,Russia
1908.0301,-18.364,0.981,Russia
1908.0401,-6.716,0.911,Russia
1908.0501,4.0440000000000005,0.677,Russia
1908.0601,12.222000000000001,0.61,Russia
1908.0701,15.220999999999998,0.623,Russia
1908.0801,12.265999999999998,0.628,Russia
1908.0901,6.457000000000001,0.6970000000000001,Russia
1908.1001,-4.169,0.722,Russia
1908.1101,-17.775000000000006,0.6679999999999999,Russia
1908.1201,-25.879,0.81,Russia
1909.0101,-27.86,1.0490000000000002,Russia
1909.0201,-22.906999999999996,1.091,Russia
1909.0301,-18.889,0.718,Russia
1909.0401,-6.571000000000001,0.777,Russia
1909.0501,2.665,0.629,Russia
1909.0601,10.978,0.6559999999999999,Russia
1909.0701,15.546,0.616,Russia
1909.0801,13.049000000000001,0.604,Russia
1909.0901,5.928,0.611,Russia
1909.1001,-3.568,0.7859999999999999,Russia
1909.1101,-15.547,0.71,Russia
1909.1201,-23.205,1.107,Russia
1910.0101,-26.134,0.938,Russia
1910.0201,-20.531,1.062,Russia
1910.0301,-17.634,0.66,Russia
1910.0401,-6.074,0.741,Russia
1910.0501,3.7319999999999998,0.639,Russia
1910.0601,11.026,0.723,Russia
1910.0701,15.789000000000001,0.835,Russia
1910.0801,13.003,0.625,Russia
1910.0901,5.809,0.7929999999999999,Russia
1910.1001,-4.842,0.659,Russia
1910.1101,-17.938000000000006,0.7040000000000001,Russia
1910.1201,-25.525,1.12,Russia
1911.0101,-27.169,1.1,Russia
1911.0201,-23.531999999999996,0.7440000000000001,Russia
1911.0301,-17.754,0.628,Russia
1911.0401,-5.178,0.6809999999999999,Russia
1911.0501,2.947,0.745,Russia
1911.0601,11.338,0.674,Russia
1911.0701,15.295,0.711,Russia
1911.0801,12.47,0.708,Russia
1911.0901,4.579,0.672,Russia
1911.1001,-4.152,0.7609999999999999,Russia
1911.1101,-14.197,0.828,Russia
1911.1201,-24.611,0.703,Russia
1912.0101,-24.98,1.154,Russia
1912.0201,-25.31,0.8079999999999999,Russia
1912.0301,-19.026,0.716,Russia
1912.0401,-5.526,0.706,Russia
1912.0501,3.5989999999999998,0.674,Russia
1912.0601,11.727,0.8270000000000001,Russia
1912.0701,13.550999999999998,0.7,Russia
1912.0801,10.507,0.655,Russia
1912.0901,4.495,0.688,Russia
1912.1001,-8.828,0.742,Russia
1912.1101,-17.217000000000002,0.6679999999999999,Russia
1912.1201,-25.365,0.85,Russia
1913.0101,-26.963,0.8140000000000001,Russia
1913.0201,-25.101999999999997,0.901,Russia
1913.0301,-13.693,0.7759999999999999,Russia
1913.0401,-6.422999999999999,0.653,Russia
1913.0501,2.9770000000000003,0.644,Russia
1913.0601,10.864999999999998,0.7440000000000001,Russia
1913.0701,14.244000000000002,0.6809999999999999,Russia
1913.0801,12.417,0.626,Russia
1913.0901,5.3119999999999985,0.6779999999999999,Russia
1913.1001,-5.2,0.7070000000000001,Russia
1913.1101,-16.547,0.7809999999999999,Russia
1913.1201,-20.604000000000006,0.867,Russia
1914.0101,-24.62,1.107,Russia
1914.0201,-19.953,0.78,Russia
1914.0301,-17.573,0.629,Russia
1914.0401,-6.606,0.752,Russia
1914.0501,3.905,0.68,Russia
1914.0601,11.364999999999998,0.688,Russia
1914.0701,14.548,0.7390000000000001,Russia
1914.0801,12.825,0.757,Russia
1914.0901,5.745,0.6659999999999999,Russia
1914.1001,-4.9830000000000005,0.716,Russia
1914.1101,-17.68,0.6829999999999999,Russia
1914.1201,-21.463,1.446,Russia
1915.0101,-28.901999999999997,0.73,Russia
1915.0201,-23.487,1.27,Russia
1915.0301,-16.664,0.629,Russia
1915.0401,-5.756,0.72,Russia
1915.0501,4.896,0.7140000000000001,Russia
1915.0601,11.934000000000001,0.693,Russia
1915.0701,15.737,0.787,Russia
1915.0801,11.545,0.61,Russia
1915.0901,5.010999999999999,0.5720000000000001,Russia
1915.1001,-7.106999999999998,0.758,Russia
1915.1101,-17.156000000000002,1.354,Russia
1915.1201,-26.406999999999996,0.597,Russia
1916.0101,-25.058000000000003,0.828,Russia
1916.0201,-22.485,0.913,Russia
1916.0301,-17.009,0.667,Russia
1916.0401,-6.9,0.63,Russia
1916.0501,2.282,0.58,Russia
1916.0601,10.85,0.639,Russia
1916.0701,14.616,0.6459999999999999,Russia
1916.0801,12.108,0.5710000000000001,Russia
1916.0901,5.15,0.581,Russia
1916.1001,-3.486,0.7709999999999999,Russia
1916.1101,-16.344,0.873,Russia
1916.1201,-28.004,0.7340000000000001,Russia
1917.0101,-26.433000000000003,0.872,Russia
1917.0201,-24.19,0.993,Russia
1917.0301,-16.980999999999998,0.6609999999999999,Russia
1917.0401,-4.913,0.866,Russia
1917.0501,4.306,0.7170000000000001,Russia
1917.0601,11.782,0.715,Russia
1917.0701,15.054,0.727,Russia
1917.0801,11.928,0.632,Russia
1917.0901,6.162000000000001,0.575,Russia
1917.1001,-4.755,0.573,Russia
1917.1101,-15.543,0.906,Russia
1917.1201,-22.758000000000006,0.821,Russia
1918.0101,-24.115,1.056,Russia
1918.0201,-22.858,0.956,Russia
1918.0301,-15.169,0.573,Russia
1918.0401,-5.7330000000000005,0.644,Russia
1918.0501,2.035,0.5710000000000001,Russia
1918.0601,11.302,0.8809999999999999,Russia
1918.0701,14.523,0.71,Russia
1918.0801,12.102,0.584,Russia
1918.0901,5.9849999999999985,0.569,Russia
1918.1001,-4.089,0.926,Russia
1918.1101,-16.016000000000002,0.779,Russia
1918.1201,-26.941999999999997,0.69,Russia
1919.0101,-29.443,1.016,Russia
1919.0201,-25.683000000000003,0.932,Russia
1919.0301,-17.551,0.924,Russia
1919.0401,-5.444,0.703,Russia
1919.0501,2.475,0.629,Russia
1919.0601,10.809000000000001,0.701,Russia
1919.0701,14.839,0.596,Russia
1919.0801,12.967,0.597,Russia
1919.0901,6.651,0.7140000000000001,Russia
1919.1001,-2.6860000000000004,0.815,Russia
1919.1101,-17.047,0.726,Russia
1919.1201,-24.119,0.952,Russia
1920.0101,-23.212,0.8809999999999999,Russia
1920.0201,-23.076999999999998,0.792,Russia
1920.0301,-12.425,0.86,Russia
1920.0401,-3.5340000000000003,1.0,Russia
1920.0501,5.154,0.703,Russia
1920.0601,11.521,0.846,Russia
1920.0701,15.137,0.596,Russia
1920.0801,13.233,0.579,Russia
1920.0901,5.006,0.579,Russia
1920.1001,-6.7410000000000005,0.623,Russia
1920.1101,-17.082,0.8590000000000001,Russia
1920.1201,-25.840000000000003,0.89,Russia
1921.0101,-23.166999999999998,0.978,Russia
1921.0201,-21.781,0.69,Russia
1921.0301,-14.976,0.644,Russia
1921.0401,-5.1240000000000006,0.868,Russia
1921.0501,3.555,0.6609999999999999,Russia
1921.0601,12.879000000000001,0.847,Russia
1921.0701,15.482000000000001,0.703,Russia
1921.0801,12.356,0.632,Russia
1921.0901,5.9110000000000005,0.583,Russia
1921.1001,-4.285,0.638,Russia
1921.1101,-14.710999999999999,0.763,Russia
1921.1201,-24.99,0.7759999999999999,Russia
1922.0101,-27.473000000000003,0.754,Russia
1922.0201,-26.354,0.737,Russia
1922.0301,-14.584000000000001,0.639,Russia
1922.0401,-6.079,0.6890000000000001,Russia
1922.0501,4.149,0.745,Russia
1922.0601,12.374,0.857,Russia
1922.0701,15.647,0.813,Russia
1922.0801,12.152000000000001,0.7,Russia
1922.0901,5.065,0.639,Russia
1922.1001,-5.5459999999999985,0.637,Russia
1922.1101,-16.588,0.863,Russia
1922.1201,-21.136999999999997,0.6609999999999999,Russia
1923.0101,-25.596999999999998,0.7509999999999999,Russia
1923.0201,-23.701999999999998,0.6890000000000001,Russia
1923.0301,-15.508,0.5870000000000001,Russia
1923.0401,-7.742000000000001,0.58,Russia
1923.0501,2.4080000000000004,0.579,Russia
1923.0601,11.493,0.58,Russia
1923.0701,14.682,0.595,Russia
1923.0801,12.672,0.574,Russia
1923.0901,6.4689999999999985,0.627,Russia
1923.1001,-3.324,0.608,Russia
1923.1101,-16.01,0.604,Russia
1923.1201,-22.095,0.684,Russia
1924.0101,-27.105,0.62,Russia
1924.0201,-24.226,1.028,Russia
1924.0301,-15.83,0.892,Russia
1924.0401,-6.44,0.7979999999999999,Russia
1924.0501,4.425,0.7879999999999999,Russia
1924.0601,10.739999999999998,0.5770000000000001,Russia
1924.0701,15.050999999999998,0.654,Russia
1924.0801,12.439,0.611,Russia
1924.0901,6.388,0.565,Russia
1924.1001,-4.835,0.569,Russia
1924.1101,-12.573,0.815,Russia
1924.1201,-21.339,0.696,Russia
1925.0101,-20.976,0.985,Russia
1925.0201,-22.570999999999998,0.815,Russia
1925.0301,-16.688,1.188,Russia
1925.0401,-6.165,0.6459999999999999,Russia
1925.0501,3.052,0.581,Russia
1925.0601,10.163,0.623,Russia
1925.0701,14.11,0.5760000000000001,Russia
1925.0801,12.366,0.664,Russia
1925.0901,5.965,0.637,Russia
1925.1001,-3.404,0.5589999999999999,Russia
1925.1101,-14.724,0.715,Russia
1925.1201,-22.675,0.655,Russia
1926.0101,-24.219,0.888,Russia
1926.0201,-23.758000000000003,0.8640000000000001,Russia
1926.0301,-12.644,0.62,Russia
1926.0401,-6.046,0.615,Russia
1926.0501,1.7480000000000002,0.586,Russia
1926.0601,10.469000000000001,0.599,Russia
1926.0701,14.193,0.62,Russia
1926.0801,12.592,0.629,Russia
1926.0901,5.96,0.579,Russia
1926.1001,-4.09,0.7040000000000001,Russia
1926.1101,-14.619000000000002,0.648,Russia
1926.1201,-24.08,0.706,Russia
1927.0101,-28.128,0.7170000000000001,Russia
1927.0201,-22.633000000000003,0.679,Russia
1927.0301,-18.215999999999998,0.625,Russia
1927.0401,-5.8740000000000006,0.63,Russia
1927.0501,4.502,0.5479999999999999,Russia
1927.0601,11.764000000000001,0.595,Russia
1927.0701,14.352,0.5770000000000001,Russia
1927.0801,12.333,0.5920000000000001,Russia
1927.0901,6.94,0.506,Russia
1927.1001,-3.284,0.6779999999999999,Russia
1927.1101,-14.772,0.8420000000000001,Russia
1927.1201,-24.866999999999997,0.732,Russia
1928.0101,-25.563000000000002,0.61,Russia
1928.0201,-23.096999999999998,0.955,Russia
1928.0301,-17.189,0.648,Russia
1928.0401,-6.394,0.556,Russia
1928.0501,2.846,0.627,Russia
1928.0601,10.828,0.5660000000000001,Russia
1928.0701,14.703,0.6679999999999999,Russia
1928.0801,12.862,0.562,Russia
1928.0901,5.696000000000001,0.505,Russia
1928.1001,-4.047,0.522,Russia
1928.1101,-17.023,0.68,Russia
1928.1201,-22.889000000000006,0.628,Russia
1929.0101,-28.131,0.77,Russia
1929.0201,-26.355999999999998,0.63,Russia
1929.0301,-16.215999999999998,0.45,Russia
1929.0401,-6.942,0.399,Russia
1929.0501,3.2310000000000003,0.462,Russia
1929.0601,10.858,0.396,Russia
1929.0701,14.515,0.389,Russia
1929.0801,12.376,0.405,Russia
1929.0901,4.927,0.366,Russia
1929.1001,-3.301,0.389,Russia
1929.1101,-15.174,0.652,Russia
1929.1201,-26.588,0.509,Russia
1930.0101,-22.791999999999998,0.652,Russia
1930.0201,-25.219,0.546,Russia
1930.0301,-14.379000000000001,0.504,Russia
1930.0401,-7.311,0.402,Russia
1930.0501,2.951,0.405,Russia
1930.0601,10.932,0.417,Russia
1930.0701,14.558,0.342,Russia
1930.0801,12.95,0.383,Russia
1930.0901,5.2029999999999985,0.338,Russia
1930.1001,-4.37,0.342,Russia
1930.1101,-13.764,0.503,Russia
1930.1201,-25.128,0.495,Russia
1931.0101,-29.151,0.615,Russia
1931.0201,-26.733,0.535,Russia
1931.0301,-15.649000000000001,0.525,Russia
1931.0401,-7.747999999999999,0.373,Russia
1931.0501,3.2039999999999997,0.388,Russia
1931.0601,11.904000000000002,0.402,Russia
1931.0701,15.357999999999999,0.401,Russia
1931.0801,13.119000000000002,0.392,Russia
1931.0901,6.698,0.381,Russia
1931.1001,-2.162,0.375,Russia
1931.1101,-15.445,0.458,Russia
1931.1201,-22.548,0.478,Russia
1932.0101,-21.735,0.616,Russia
1932.0201,-22.65,0.617,Russia
1932.0301,-16.392,0.409,Russia
1932.0401,-4.585,0.41,Russia
1932.0501,3.2110000000000003,0.459,Russia
1932.0601,11.198,0.353,Russia
1932.0701,15.329,0.4370000000000001,Russia
1932.0801,12.973,0.381,Russia
1932.0901,7.3660000000000005,0.394,Russia
1932.1001,-2.398,0.402,Russia
1932.1101,-16.843,0.493,Russia
1932.1201,-22.573,0.612,Russia
1933.0101,-27.241999999999997,0.634,Russia
1933.0201,-25.979,0.589,Russia
1933.0301,-17.775,0.491,Russia
1933.0401,-5.8229999999999995,0.36,Russia
1933.0501,2.213,0.343,Russia
1933.0601,10.392000000000001,0.35200000000000004,Russia
1933.0701,15.058,0.28800000000000003,Russia
1933.0801,12.505999999999998,0.308,Russia
1933.0901,5.164,0.343,Russia
1933.1001,-3.199,0.334,Russia
1933.1101,-16.289,0.43,Russia
1933.1201,-24.052000000000003,0.75,Russia
1934.0101,-23.072,0.588,Russia
1934.0201,-17.82,0.424,Russia
1934.0301,-15.939,0.33,Russia
1934.0401,-7.212000000000001,0.34700000000000003,Russia
1934.0501,4.896,0.322,Russia
1934.0601,11.421,0.309,Russia
1934.0701,14.687999999999999,0.28600000000000003,Russia
1934.0801,12.501,0.292,Russia
1934.0901,4.9209999999999985,0.266,Russia
1934.1001,-3.339,0.271,Russia
1934.1101,-13.865000000000002,0.349,Russia
1934.1201,-22.896,0.519,Russia
1935.0101,-25.631999999999998,0.418,Russia
1935.0201,-18.831,0.406,Russia
1935.0301,-15.479000000000001,0.425,Russia
1935.0401,-6.867000000000001,0.36,Russia
1935.0501,3.6489999999999996,0.417,Russia
1935.0601,11.515,0.326,Russia
1935.0701,14.964,0.252,Russia
1935.0801,12.684000000000001,0.303,Russia
1935.0901,6.323,0.28,Russia
1935.1001,-4.256,0.324,Russia
1935.1101,-17.312,0.282,Russia
1935.1201,-23.33,0.5379999999999999,Russia
1936.0101,-26.719,0.502,Russia
1936.0201,-23.736,0.231,Russia
1936.0301,-16.816,0.253,Russia
1936.0401,-5.086,0.298,Russia
1936.0501,3.739,0.35700000000000004,Russia
1936.0601,11.572000000000001,0.23,Russia
1936.0701,15.925,0.22,Russia
1936.0801,12.819,0.237,Russia
1936.0901,6.779,0.229,Russia
1936.1001,-3.483,0.276,Russia
1936.1101,-15.432,0.379,Russia
1936.1201,-19.923,0.397,Russia
1937.0101,-23.441,0.306,Russia
1937.0201,-21.183000000000003,0.373,Russia
1937.0301,-18.189,0.35200000000000004,Russia
1937.0401,-6.473,0.29600000000000004,Russia
1937.0501,3.808,0.32299999999999995,Russia
1937.0601,11.995,0.209,Russia
1937.0701,14.949000000000002,0.214,Russia
1937.0801,12.102,0.235,Russia
1937.0901,6.605,0.22,Russia
1937.1001,-3.022,0.238,Russia
1937.1101,-15.179000000000002,0.28600000000000003,Russia
1937.1201,-23.759,0.279,Russia
1938.0101,-24.349,0.363,Russia
1938.0201,-21.4,0.298,Russia
1938.0301,-13.880999999999998,0.209,Russia
1938.0401,-2.8760000000000003,0.314,Russia
1938.0501,4.038,0.273,Russia
1938.0601,11.742,0.192,Russia
1938.0701,15.575999999999999,0.191,Russia
1938.0801,13.319,0.231,Russia
1938.0901,6.948,0.19,Russia
1938.1001,-4.643,0.26,Russia
1938.1101,-13.072,0.35100000000000003,Russia
1938.1201,-26.034,0.354,Russia
1939.0101,-27.397,0.228,Russia
1939.0201,-19.889,0.329,Russia
1939.0301,-14.424000000000001,0.228,Russia
1939.0401,-4.9350000000000005,0.257,Russia
1939.0501,3.756,0.236,Russia
1939.0601,12.536,0.203,Russia
1939.0701,14.685,0.214,Russia
1939.0801,12.742,0.194,Russia
1939.0901,5.9110000000000005,0.17600000000000002,Russia
1939.1001,-4.711,0.209,Russia
1939.1101,-15.014,0.202,Russia
1939.1201,-19.862,0.171,Russia
1940.0101,-28.861,0.28,Russia
1940.0201,-22.904,0.214,Russia
1940.0301,-14.981,0.208,Russia
1940.0401,-4.3130000000000015,0.239,Russia
1940.0501,3.338,0.239,Russia
1940.0601,11.771999999999998,0.209,Russia
1940.0701,15.197,0.228,Russia
1940.0801,13.213,0.21,Russia
1940.0901,6.082999999999999,0.27,Russia
1940.1001,-6.409,0.34700000000000003,Russia
1940.1101,-15.378,0.231,Russia
1940.1201,-24.298,0.28,Russia
1941.0101,-27.611,0.202,Russia
1941.0201,-25.206999999999997,0.327,Russia
1941.0301,-18.421,0.261,Russia
1941.0401,-7.808,0.284,Russia
1941.0501,3.278,0.268,Russia
1941.0601,11.642000000000001,0.201,Russia
1941.0701,15.149,0.255,Russia
1941.0801,12.9,0.222,Russia
1941.0901,6.033,0.237,Russia
1941.1001,-3.717,0.199,Russia
1941.1101,-17.727999999999998,0.245,Russia
1941.1201,-26.23,0.45,Russia
1942.0101,-25.05,0.238,Russia
1942.0201,-24.224,0.289,Russia
1942.0301,-19.593,0.268,Russia
1942.0401,-7.082000000000001,0.294,Russia
1942.0501,3.3339999999999996,0.218,Russia
1942.0601,11.651,0.175,Russia
1942.0701,15.187999999999999,0.273,Russia
1942.0801,12.216,0.219,Russia
1942.0901,6.422000000000001,0.192,Russia
1942.1001,-4.513999999999999,0.208,Russia
1942.1101,-15.44,0.21600000000000005,Russia
1942.1201,-20.164,0.308,Russia
1943.0101,-25.717,0.293,Russia
1943.0201,-20.373,0.2,Russia
1943.0301,-12.913,0.24,Russia
1943.0401,-2.2210000000000005,0.192,Russia
1943.0501,6.375,0.194,Russia
1943.0601,11.837,0.17800000000000002,Russia
1943.0701,15.035,0.242,Russia
1943.0801,12.895,0.227,Russia
1943.0901,6.907,0.279,Russia
1943.1001,-2.793,0.21600000000000005,Russia
1943.1101,-15.837000000000002,0.29,Russia
1943.1201,-22.569000000000006,0.315,Russia
1944.0101,-22.526999999999997,0.309,Russia
1944.0201,-20.704,0.24,Russia
1944.0301,-13.177,0.235,Russia
1944.0401,-5.151,0.279,Russia
1944.0501,4.53,0.231,Russia
1944.0601,11.246,0.194,Russia
1944.0701,14.64,0.219,Russia
1944.0801,12.427,0.221,Russia
1944.0901,7.516999999999999,0.222,Russia
1944.1001,-3.232,0.269,Russia
1944.1101,-16.627000000000002,0.263,Russia
1944.1201,-22.15,0.339,Russia
1945.0101,-26.073,0.255,Russia
1945.0201,-23.895,0.245,Russia
1945.0301,-17.467,0.23,Russia
1945.0401,-3.719,0.22,Russia
1945.0501,4.561,0.257,Russia
1945.0601,12.114,0.344,Russia
1945.0701,14.728,0.28600000000000003,Russia
1945.0801,13.278,0.19,Russia
1945.0901,6.62,0.256,Russia
1945.1001,-2.966,0.18600000000000005,Russia
1945.1101,-15.925999999999998,0.348,Russia
1945.1201,-25.988000000000003,0.271,Russia
1946.0101,-25.465,0.298,Russia
1946.0201,-23.586,0.326,Russia
1946.0301,-17.379,0.246,Russia
1946.0401,-4.868,0.238,Russia
1946.0501,3.103,0.239,Russia
1946.0601,11.143,0.269,Russia
1946.0701,15.342,0.29,Russia
1946.0801,12.793,0.298,Russia
1946.0901,4.7639999999999985,0.268,Russia
1946.1001,-4.925,0.226,Russia
1946.1101,-15.887,0.232,Russia
1946.1201,-25.295,0.238,Russia
1947.0101,-27.944000000000003,0.264,Russia
1947.0201,-24.225,0.251,Russia
1947.0301,-15.277999999999999,0.242,Russia
1947.0401,-3.7260000000000004,0.223,Russia
1947.0501,4.006,0.219,Russia
1947.0601,11.556,0.241,Russia
1947.0701,14.379000000000001,0.213,Russia
1947.0801,12.1,0.19,Russia
1947.0901,6.496,0.191,Russia
1947.1001,-1.1910000000000005,0.223,Russia
1947.1101,-16.287000000000006,0.282,Russia
1947.1201,-24.303,0.206,Russia
1948.0101,-23.495,0.233,Russia
1948.0201,-22.123,0.211,Russia
1948.0301,-14.38,0.223,Russia
1948.0401,-4.061,0.194,Russia
1948.0501,5.2810000000000015,0.174,Russia
1948.0601,12.252,0.235,Russia
1948.0701,15.127,0.206,Russia
1948.0801,12.739,0.17600000000000002,Russia
1948.0901,6.398,0.209,Russia
1948.1001,-2.673,0.204,Russia
1948.1101,-13.699000000000002,0.182,Russia
1948.1201,-23.416999999999998,0.179,Russia
1949.0101,-21.373,0.249,Russia
1949.0201,-22.046999999999997,0.278,Russia
1949.0301,-15.634,0.18600000000000005,Russia
1949.0401,-4.173,0.199,Russia
1949.0501,4.503,0.215,Russia
1949.0601,11.177,0.195,Russia
1949.0701,14.25,0.21,Russia
1949.0801,12.88,0.219,Russia
1949.0901,5.983,0.204,Russia
1949.1001,-2.6289999999999996,0.17,Russia
1949.1101,-17.542,0.214,Russia
1949.1201,-24.528,0.302,Russia
1950.0101,-27.335,0.238,Russia
1950.0201,-22.375,0.151,Russia
1950.0301,-15.210999999999999,0.156,Russia
1950.0401,-5.313,0.218,Russia
1950.0501,3.6,0.204,Russia
1950.0601,11.514000000000001,0.231,Russia
1950.0701,14.193,0.188,Russia
1950.0801,12.062000000000001,0.185,Russia
1950.0901,5.973,0.16699999999999998,Russia
1950.1001,-3.924,0.161,Russia
1950.1101,-17.577,0.339,Russia
1950.1201,-22.914,0.25,Russia
1951.0101,-27.096,0.221,Russia
1951.0201,-26.784000000000002,0.318,Russia
1951.0301,-15.705,0.184,Russia
1951.0401,-4.01,0.275,Russia
1951.0501,3.806,0.28800000000000003,Russia
1951.0601,11.220999999999998,0.413,Russia
1951.0701,14.94,0.26,Russia
1951.0801,12.783,0.215,Russia
1951.0901,7.281000000000001,0.265,Russia
1951.1001,-2.8680000000000003,0.208,Russia
1951.1101,-15.623,0.28600000000000003,Russia
1951.1201,-18.616,0.198,Russia
1952.0101,-24.979,0.251,Russia
1952.0201,-23.605,0.289,Russia
1952.0301,-17.541,0.206,Russia
1952.0401,-6.767,0.156,Russia
1952.0501,3.135,0.163,Russia
1952.0601,11.565,0.18,Russia
1952.0701,15.745999999999999,0.16899999999999998,Russia
1952.0801,13.015999999999998,0.189,Russia
1952.0901,7.102,0.201,Russia
1952.1001,-5.813,0.235,Russia
1952.1101,-20.396,0.281,Russia
1952.1201,-25.566000000000006,0.223,Russia
1953.0101,-25.357,0.209,Russia
1953.0201,-23.904,0.282,Russia
1953.0301,-14.46,0.184,Russia
1953.0401,-3.019,0.149,Russia
1953.0501,4.73,0.205,Russia
1953.0601,12.685,0.165,Russia
1953.0701,15.93,0.218,Russia
1953.0801,12.953,0.173,Russia
1953.0901,6.234,0.173,Russia
1953.1001,-3.7680000000000002,0.168,Russia
1953.1101,-18.052,0.205,Russia
1953.1201,-21.325000000000006,0.218,Russia
1954.0101,-26.843000000000004,0.21,Russia
1954.0201,-25.753,0.217,Russia
1954.0301,-16.192,0.297,Russia
1954.0401,-4.696000000000001,0.254,Russia
1954.0501,3.1180000000000003,0.201,Russia
1954.0601,12.720999999999998,0.245,Russia
1954.0701,15.942,0.184,Russia
1954.0801,13.3,0.162,Russia
1954.0901,6.261,0.234,Russia
1954.1001,-2.7430000000000003,0.248,Russia
1954.1101,-15.823,0.272,Russia
1954.1201,-23.1,0.234,Russia
1955.0101,-21.669,0.153,Russia
1955.0201,-24.795,0.29100000000000004,Russia
1955.0301,-18.883,0.267,Russia
1955.0401,-6.475,0.207,Russia
1955.0501,4.325,0.28600000000000003,Russia
1955.0601,12.042,0.219,Russia
1955.0701,14.665,0.192,Russia
1955.0801,12.826,0.232,Russia
1955.0901,5.62,0.196,Russia
1955.1001,-3.236,0.207,Russia
1955.1101,-15.867,0.278,Russia
1955.1201,-26.073,0.272,Russia
1956.0101,-25.747,0.21,Russia
1956.0201,-24.462,0.171,Russia
1956.0301,-16.175,0.2,Russia
1956.0401,-7.683,0.276,Russia
1956.0501,3.3070000000000004,0.382,Russia
1956.0601,12.405,0.187,Russia
1956.0701,15.029000000000002,0.187,Russia
1956.0801,12.054,0.224,Russia
1956.0901,5.053999999999999,0.221,Russia
1956.1001,-4.966,0.251,Russia
1956.1101,-16.340999999999998,0.366,Russia
1956.1201,-22.24,0.252,Russia
1957.0101,-23.651,0.219,Russia
1957.0201,-23.299,0.248,Russia
1957.0301,-18.223,0.327,Russia
1957.0401,-5.982,0.369,Russia
1957.0501,5.0600000000000005,0.246,Russia
1957.0601,12.344000000000001,0.442,Russia
1957.0701,15.059000000000001,0.46,Russia
1957.0801,12.911,0.72,Russia
1957.0901,6.268,0.518,Russia
1957.1001,-4.89,0.32299999999999995,Russia
1957.1101,-17.557000000000002,0.303,Russia
1957.1201,-22.339,0.349,Russia
1958.0101,-25.23,0.316,Russia
1958.0201,-22.325,0.375,Russia
1958.0301,-18.583,0.157,Russia
1958.0401,-7.718999999999999,0.298,Russia
1958.0501,2.772,0.35,Russia
1958.0601,10.776,0.359,Russia
1958.0701,14.75,0.35200000000000004,Russia
1958.0801,12.554,0.318,Russia
1958.0901,4.609,0.255,Russia
1958.1001,-4.593,0.259,Russia
1958.1101,-16.102,0.202,Russia
1958.1201,-24.758000000000006,0.24,Russia
1959.0101,-24.219,0.27,Russia
1959.0201,-21.435,0.202,Russia
1959.0301,-12.498,0.35,Russia
1959.0401,-6.042000000000001,0.345,Russia
1959.0501,3.986,0.21,Russia
1959.0601,12.626,0.231,Russia
1959.0701,15.097999999999999,0.269,Russia
1959.0801,13.353,0.184,Russia
1959.0901,6.791,0.303,Russia
1959.1001,-5.05,0.242,Russia
1959.1101,-15.758,0.168,Russia
1959.1201,-24.919,0.28,Russia
1960.0101,-27.201999999999998,0.284,Russia
1960.0201,-23.516,0.315,Russia
1960.0301,-17.764,0.146,Russia
1960.0401,-5.9510000000000005,0.34700000000000003,Russia
1960.0501,3.0090000000000003,0.401,Russia
1960.0601,12.295,0.277,Russia
1960.0701,15.185,0.196,Russia
1960.0801,11.949000000000002,0.366,Russia
1960.0901,5.886,0.18,Russia
1960.1001,-5.888999999999999,0.249,Russia
1960.1101,-18.147,0.284,Russia
1960.1201,-21.087000000000003,0.189,Russia
1961.0101,-25.464000000000002,0.248,Russia
1961.0201,-20.616,0.139,Russia
1961.0301,-13.244000000000002,0.21600000000000005,Russia
1961.0401,-5.519,0.338,Russia
1961.0501,3.755,0.364,Russia
1961.0601,11.306,0.319,Russia
1961.0701,15.12,0.209,Russia
1961.0801,12.323,0.132,Russia
1961.0901,6.3420000000000005,0.128,Russia
1961.1001,-4.9849999999999985,0.345,Russia
1961.1101,-15.748,0.163,Russia
1961.1201,-22.794,0.161,Russia
1962.0101,-21.386999999999997,0.151,Russia
1962.0201,-19.484,0.16399999999999998,Russia
1962.0301,-14.415,0.225,Russia
1962.0401,-3.653000000000001,0.28800000000000003,Russia
1962.0501,4.959,0.16699999999999998,Russia
1962.0601,10.912999999999998,0.478,Russia
1962.0701,15.564,0.181,Russia
1962.0801,12.237,0.256,Russia
1962.0901,5.99,0.29100000000000004,Russia
1962.1001,-4.66,0.326,Russia
1962.1101,-16.382,0.26,Russia
1962.1201,-22.677000000000003,0.141,Russia
1963.0101,-23.855,0.174,Russia
1963.0201,-20.137,0.174,Russia
1963.0301,-16.665,0.168,Russia
1963.0401,-7.0280000000000005,0.16699999999999998,Russia
1963.0501,3.4410000000000003,0.235,Russia
1963.0601,10.709000000000001,0.273,Russia
1963.0701,15.15,0.233,Russia
1963.0801,12.722000000000001,0.151,Russia
1963.0901,6.17,0.277,Russia
1963.1001,-3.147,0.159,Russia
1963.1101,-14.387,0.239,Russia
1963.1201,-23.070999999999998,0.225,Russia
1964.0101,-24.793000000000003,0.279,Russia
1964.0201,-23.213,0.358,Russia
1964.0301,-17.692999999999998,0.17600000000000002,Russia
1964.0401,-8.277000000000001,0.156,Russia
1964.0501,3.486,0.212,Russia
1964.0601,11.614,0.343,Russia
1964.0701,15.288,0.21,Russia
1964.0801,12.503,0.23,Russia
1964.0901,5.765,0.153,Russia
1964.1001,-5.1370000000000005,0.232,Russia
1964.1101,-16.963,0.172,Russia
1964.1201,-22.01,0.243,Russia
1965.0101,-25.834,0.249,Russia
1965.0201,-24.958000000000002,0.207,Russia
1965.0301,-14.338,0.293,Russia
1965.0401,-6.276,0.21,Russia
1965.0501,3.2689999999999997,0.38,Russia
1965.0601,11.298,0.508,Russia
1965.0701,15.034,0.3,Russia
1965.0801,12.389000000000001,0.136,Russia
1965.0901,6.303999999999999,0.199,Russia
1965.1001,-4.175,0.246,Russia
1965.1101,-19.185,0.272,Russia
1965.1201,-24.416999999999998,0.284,Russia
1966.0101,-27.345,0.243,Russia
1966.0201,-27.705,0.219,Russia
1966.0301,-17.024,0.271,Russia
1966.0401,-7.34,0.237,Russia
1966.0501,4.331,0.236,Russia
1966.0601,11.527000000000001,0.218,Russia
1966.0701,14.793,0.226,Russia
1966.0801,12.858,0.233,Russia
1966.0901,6.4270000000000005,0.29,Russia
1966.1001,-5.156000000000001,0.207,Russia
1966.1101,-16.535,0.166,Russia
1966.1201,-24.546000000000006,0.154,Russia
1967.0101,-26.33,0.24,Russia
1967.0201,-23.714000000000002,0.315,Russia
1967.0301,-12.991,0.196,Russia
1967.0401,-3.677,0.211,Russia
1967.0501,5.4830000000000005,0.307,Russia
1967.0601,11.874,0.247,Russia
1967.0701,15.784,0.365,Russia
1967.0801,12.347000000000001,0.292,Russia
1967.0901,5.547000000000001,0.257,Russia
1967.1001,-0.9520000000000001,0.132,Russia
1967.1101,-14.343000000000002,0.16399999999999998,Russia
1967.1201,-21.386999999999997,0.228,Russia
1968.0101,-26.045,0.212,Russia
1968.0201,-20.76,0.25,Russia
1968.0301,-11.177999999999999,0.23,Russia
1968.0401,-4.352,0.202,Russia
1968.0501,4.632,0.177,Russia
1968.0601,10.946,0.35,Russia
1968.0701,14.562000000000001,0.226,Russia
1968.0801,12.417,0.205,Russia
1968.0901,4.872999999999998,0.174,Russia
1968.1001,-5.104,0.181,Russia
1968.1101,-19.988,0.154,Russia
1968.1201,-27.078000000000007,0.273,Russia
1969.0101,-29.789,0.155,Russia
1969.0201,-29.561,0.157,Russia
1969.0301,-18.141,0.109,Russia
1969.0401,-6.6880000000000015,0.287,Russia
1969.0501,2.3209999999999997,0.192,Russia
1969.0601,10.932,0.32299999999999995,Russia
1969.0701,15.808,0.237,Russia
1969.0801,12.44,0.235,Russia
1969.0901,5.178,0.14400000000000002,Russia
1969.1001,-5.391,0.151,Russia
1969.1101,-14.530999999999999,0.157,Russia
1969.1201,-23.771,0.228,Russia
1970.0101,-25.766,0.223,Russia
1970.0201,-23.125,0.184,Russia
1970.0301,-15.472999999999999,0.218,Russia
1970.0401,-5.534,0.224,Russia
1970.0501,3.2689999999999997,0.313,Russia
1970.0601,11.279000000000002,0.239,Russia
1970.0701,15.788,0.146,Russia
1970.0801,11.524000000000001,0.181,Russia
1970.0901,6.795,0.158,Russia
1970.1001,-5.572,0.151,Russia
1970.1101,-16.27,0.16699999999999998,Russia
1970.1201,-23.186,0.19,Russia
1971.0101,-23.203000000000003,0.199,Russia
1971.0201,-25.763,0.293,Russia
1971.0301,-16.605,0.146,Russia
1971.0401,-6.3420000000000005,0.261,Russia
1971.0501,4.148,0.274,Russia
1971.0601,11.562000000000001,0.16,Russia
1971.0701,15.130999999999998,0.212,Russia
1971.0801,12.859000000000002,0.237,Russia
1971.0901,6.955,0.222,Russia
1971.1001,-3.813,0.214,Russia
1971.1101,-12.675,0.192,Russia
1971.1201,-21.908,0.192,Russia
1972.0101,-29.234,0.261,Russia
1972.0201,-22.337,0.294,Russia
1972.0301,-15.437999999999999,0.196,Russia
1972.0401,-3.9019999999999997,0.293,Russia
1972.0501,3.133,0.17600000000000002,Russia
1972.0601,11.364,0.247,Russia
1972.0701,14.942,0.276,Russia
1972.0801,12.58,0.194,Russia
1972.0901,4.908,0.193,Russia
1972.1001,-4.062,0.278,Russia
1972.1101,-18.503,0.208,Russia
1972.1201,-21.875,0.235,Russia
1973.0101,-25.958,0.316,Russia
1973.0201,-21.006999999999998,0.295,Russia
1973.0301,-14.618,0.318,Russia
1973.0401,-4.973,0.177,Russia
1973.0501,4.416,0.281,Russia
1973.0601,12.347000000000001,0.107,Russia
1973.0701,14.895,0.218,Russia
1973.0801,12.736,0.229,Russia
1973.0901,5.544,0.132,Russia
1973.1001,-4.955,0.23,Russia
1973.1101,-14.956,0.123,Russia
1973.1201,-21.474,0.193,Russia
1974.0101,-27.136,0.248,Russia
1974.0201,-24.701999999999998,0.267,Russia
1974.0301,-14.345999999999998,0.16399999999999998,Russia
1974.0401,-5.146,0.14300000000000002,Russia
1974.0501,3.536,0.25,Russia
1974.0601,11.228,0.156,Russia
1974.0701,15.644,0.146,Russia
1974.0801,13.073,0.263,Russia
1974.0901,6.872999999999998,0.213,Russia
1974.1001,-5.135,0.115,Russia
1974.1101,-18.768,0.293,Russia
1974.1201,-23.182,0.214,Russia
1975.0101,-22.628,0.238,Russia
1975.0201,-22.202,0.209,Russia
1975.0301,-12.450999999999999,0.16399999999999998,Russia
1975.0401,-3.48,0.141,Russia
1975.0501,4.948,0.195,Russia
1975.0601,12.368,0.233,Russia
1975.0701,15.159,0.337,Russia
1975.0801,12.163,0.411,Russia
1975.0901,6.840999999999998,0.253,Russia
1975.1001,-4.163,0.222,Russia
1975.1101,-15.49,0.151,Russia
1975.1201,-20.758000000000006,0.201,Russia
1976.0101,-23.874000000000002,0.245,Russia
1976.0201,-25.041999999999998,0.239,Russia
1976.0301,-16.555999999999997,0.16899999999999998,Russia
1976.0401,-4.194,0.217,Russia
1976.0501,3.552,0.401,Russia
1976.0601,11.55,0.23,Russia
1976.0701,14.394,0.344,Russia
1976.0801,12.297,0.163,Russia
1976.0901,6.132999999999999,0.236,Russia
1976.1001,-8.061,0.232,Russia
1976.1101,-16.958000000000002,0.154,Russia
1976.1201,-24.365,0.2,Russia
1977.0101,-27.32,0.342,Russia
1977.0201,-25.729,0.231,Russia
1977.0301,-15.943,0.182,Russia
1977.0401,-3.795,0.17800000000000002,Russia
1977.0501,5.619,0.253,Russia
1977.0601,12.893,0.197,Russia
1977.0701,14.985999999999999,0.232,Russia
1977.0801,12.07,0.249,Russia
1977.0901,5.7010000000000005,0.211,Russia
1977.1001,-7.09,0.183,Russia
1977.1101,-14.03,0.154,Russia
1977.1201,-23.518,0.21600000000000005,Russia
1978.0101,-24.505,0.233,Russia
1978.0201,-23.206999999999997,0.238,Russia
1978.0301,-13.726,0.166,Russia
1978.0401,-5.539,0.276,Russia
1978.0501,2.897,0.233,Russia
1978.0601,11.112,0.188,Russia
1978.0701,14.463,0.245,Russia
1978.0801,11.754000000000001,0.234,Russia
1978.0901,5.678,0.125,Russia
1978.1001,-3.66,0.165,Russia
1978.1101,-12.167000000000002,0.237,Russia
1978.1201,-26.171000000000006,0.295,Russia
1979.0101,-28.584,0.22,Russia
1979.0201,-24.371,0.158,Russia
1979.0301,-15.870999999999999,0.14800000000000002,Russia
1979.0401,-7.843,0.29,Russia
1979.0501,4.846,0.303,Russia
1979.0601,11.664000000000001,0.163,Russia
1979.0701,14.967,0.155,Russia
1979.0801,11.997,0.3,Russia
1979.0901,6.105,0.119,Russia
1979.1001,-5.93,0.121,Russia
1979.1101,-16.657,0.187,Russia
1979.1201,-21.175,0.13699999999999998,Russia
1980.0101,-26.06,0.264,Russia
1980.0201,-22.289,0.223,Russia
1980.0301,-17.362000000000002,0.101,Russia
1980.0401,-6.699,0.203,Russia
1980.0501,3.4130000000000003,0.16399999999999998,Russia
1980.0601,11.836,0.223,Russia
1980.0701,14.982999999999999,0.254,Russia
1980.0801,12.613,0.201,Russia
1980.0901,6.263,0.123,Russia
1980.1001,-3.9360000000000004,0.14,Russia
1980.1101,-16.898,0.166,Russia
1980.1201,-20.913,0.159,Russia
1981.0101,-21.255,0.18,Russia
1981.0201,-21.316,0.221,Russia
1981.0301,-15.365,0.165,Russia
1981.0401,-4.2810000000000015,0.262,Russia
1981.0501,4.351,0.135,Russia
1981.0601,12.720999999999998,0.284,Russia
1981.0701,15.227,0.279,Russia
1981.0801,13.415999999999999,0.183,Russia
1981.0901,5.678999999999999,0.195,Russia
1981.1001,-3.68,0.239,Russia
1981.1101,-15.103000000000002,0.18,Russia
1981.1201,-20.387999999999998,0.141,Russia
1982.0101,-26.993,0.262,Russia
1982.0201,-20.873,0.199,Russia
1982.0301,-16.792,0.201,Russia
1982.0401,-3.075,0.16699999999999998,Russia
1982.0501,4.1370000000000005,0.193,Russia
1982.0601,11.352,0.265,Russia
1982.0701,15.312999999999999,0.239,Russia
1982.0801,12.425,0.113,Russia
1982.0901,6.158,0.16399999999999998,Russia
1982.1001,-6.38,0.14300000000000002,Russia
1982.1101,-16.401,0.298,Russia
1982.1201,-20.042,0.277,Russia
1983.0101,-21.401999999999997,0.235,Russia
1983.0201,-21.281999999999996,0.21,Russia
1983.0301,-13.089,0.17,Russia
1983.0401,-5.597,0.133,Russia
1983.0501,3.6889999999999996,0.122,Russia
1983.0601,11.658,0.248,Russia
1983.0701,15.107000000000001,0.182,Russia
1983.0801,13.024000000000001,0.161,Russia
1983.0901,6.9369999999999985,0.14,Russia
1983.1001,-3.5780000000000003,0.206,Russia
1983.1101,-13.241,0.226,Russia
1983.1201,-19.648000000000003,0.302,Russia
1984.0101,-21.921,0.197,Russia
1984.0201,-23.354,0.24,Russia
1984.0301,-14.623,0.224,Russia
1984.0401,-7.341,0.166,Russia
1984.0501,5.7650000000000015,0.118,Russia
1984.0601,12.126,0.174,Russia
1984.0701,15.556,0.273,Russia
1984.0801,12.07,0.21,Russia
1984.0901,6.27,0.157,Russia
1984.1001,-4.704,0.202,Russia
1984.1101,-18.387999999999998,0.152,Russia
1984.1201,-24.987,0.192,Russia
1985.0101,-27.011999999999997,0.261,Russia
1985.0201,-25.063000000000002,0.194,Russia
1985.0301,-15.844000000000001,0.213,Russia
1985.0401,-5.121,0.28,Russia
1985.0501,3.3070000000000004,0.211,Russia
1985.0601,11.843,0.282,Russia
1985.0701,14.267000000000001,0.235,Russia
1985.0801,12.736,0.215,Russia
1985.0901,6.2410000000000005,0.245,Russia
1985.1001,-3.843,0.16,Russia
1985.1101,-14.609000000000002,0.114,Russia
1985.1201,-23.156,0.315,Russia
1986.0101,-24.943,0.3720000000000001,Russia
1986.0201,-22.088,0.251,Russia
1986.0301,-13.981,0.181,Russia
1986.0401,-4.5089999999999995,0.14800000000000002,Russia
1986.0501,3.52,0.225,Russia
1986.0601,12.137,0.208,Russia
1986.0701,15.102,0.16399999999999998,Russia
1986.0801,12.423,0.191,Russia
1986.0901,5.561,0.231,Russia
1986.1001,-3.5540000000000003,0.156,Russia
1986.1101,-13.892999999999999,0.18,Russia
1986.1201,-24.482000000000006,0.18,Russia
1987.0101,-28.230999999999998,0.238,Russia
1987.0201,-22.61,0.16699999999999998,Russia
1987.0301,-16.445999999999998,0.163,Russia
1987.0401,-7.102,0.115,Russia
1987.0501,4.037,0.16,Russia
1987.0601,10.878,0.151,Russia
1987.0701,14.905,0.177,Russia
1987.0801,12.67,0.212,Russia
1987.0901,5.381,0.183,Russia
1987.1001,-4.638,0.161,Russia
1987.1101,-19.867,0.16699999999999998,Russia
1987.1201,-24.265,0.174,Russia
1988.0101,-24.103,0.265,Russia
1988.0201,-23.221999999999998,0.247,Russia
1988.0301,-14.472000000000001,0.135,Russia
1988.0401,-5.455,0.192,Russia
1988.0501,4.341,0.231,Russia
1988.0601,12.392000000000001,0.237,Russia
1988.0701,16.105,0.158,Russia
1988.0801,12.789000000000001,0.16399999999999998,Russia
1988.0901,7.147,0.156,Russia
1988.1001,-2.8810000000000002,0.196,Russia
1988.1101,-14.963,0.122,Russia
1988.1201,-19.643,0.219,Russia
1989.0101,-24.408,0.294,Russia
1989.0201,-17.977999999999998,0.142,Russia
1989.0301,-10.735,0.199,Russia
1989.0401,-5.729,0.188,Russia
1989.0501,4.995,0.243,Russia
1989.0601,12.328,0.257,Russia
1989.0701,15.32,0.221,Russia
1989.0801,12.46,0.315,Russia
1989.0901,5.964,0.185,Russia
1989.1001,-3.983,0.229,Russia
1989.1101,-15.897,0.156,Russia
1989.1201,-21.215999999999998,0.125,Russia
1990.0101,-27.147,0.277,Russia
1990.0201,-20.74,0.204,Russia
1990.0301,-9.228,0.252,Russia
1990.0401,-2.72,0.166,Russia
1990.0501,5.684,0.147,Russia
1990.0601,12.501,0.314,Russia
1990.0701,15.67,0.17600000000000002,Russia
1990.0801,12.981,0.205,Russia
1990.0901,5.351,0.218,Russia
1990.1001,-3.26,0.228,Russia
1990.1101,-16.035,0.303,Russia
1990.1201,-21.331999999999997,0.246,Russia
1991.0101,-22.943,0.257,Russia
1991.0201,-22.914,0.184,Russia
1991.0301,-16.766,0.206,Russia
1991.0401,-3.2689999999999997,0.106,Russia
1991.0501,5.237,0.142,Russia
1991.0601,13.031,0.127,Russia
1991.0701,16.385,0.243,Russia
1991.0801,13.22,0.202,Russia
1991.0901,6.784,0.16899999999999998,Russia
1991.1001,-2.7680000000000002,0.16,Russia
1991.1101,-13.435,0.199,Russia
1991.1201,-23.406,0.184,Russia
1992.0101,-22.724,0.314,Russia
1992.0201,-19.899,0.273,Russia
1992.0301,-13.914000000000001,0.165,Russia
1992.0401,-6.49,0.295,Russia
1992.0501,5.229,0.136,Russia
1992.0601,10.85,0.244,Russia
1992.0701,14.677999999999999,0.213,Russia
1992.0801,12.284,0.207,Russia
1992.0901,5.287000000000001,0.29,Russia
1992.1001,-4.986000000000001,0.14300000000000002,Russia
1992.1101,-17.914,0.298,Russia
1992.1201,-21.24,0.34700000000000003,Russia
1993.0101,-21.775,0.236,Russia
1993.0201,-19.243,0.199,Russia
1993.0301,-12.838,0.156,Russia
1993.0401,-5.577000000000001,0.181,Russia
1993.0501,4.276,0.277,Russia
1993.0601,12.168,0.151,Russia
1993.0701,15.853,0.157,Russia
1993.0801,12.498,0.183,Russia
1993.0901,5.185,0.212,Russia
1993.1001,-4.388999999999999,0.198,Russia
1993.1101,-18.116,0.24,Russia
1993.1201,-23.503,0.264,Russia
1994.0101,-25.334,0.394,Russia
1994.0201,-23.678,0.247,Russia
1994.0301,-14.159,0.153,Russia
1994.0401,-4.805,0.135,Russia
1994.0501,4.218999999999999,0.198,Russia
1994.0601,12.649000000000001,0.209,Russia
1994.0701,15.213,0.205,Russia
1994.0801,12.352,0.136,Russia
1994.0901,6.941,0.198,Russia
1994.1001,-1.86,0.17600000000000002,Russia
1994.1101,-16.404,0.305,Russia
1994.1201,-23.915000000000006,0.213,Russia
1995.0101,-21.693,0.262,Russia
1995.0201,-16.235,0.264,Russia
1995.0301,-12.669,0.187,Russia
1995.0401,-2.8630000000000004,0.191,Russia
1995.0501,4.863,0.16399999999999998,Russia
1995.0601,12.388,0.166,Russia
1995.0701,15.333,0.204,Russia
1995.0801,13.784,0.155,Russia
1995.0901,6.723,0.205,Russia
1995.1001,-2.332,0.163,Russia
1995.1101,-13.255999999999998,0.29600000000000004,Russia
1995.1201,-21.605,0.194,Russia
1996.0101,-24.685,0.284,Russia
1996.0201,-21.230999999999998,0.293,Russia
1996.0301,-14.092,0.185,Russia
1996.0401,-5.888999999999999,0.2,Russia
1996.0501,4.8389999999999995,0.158,Russia
1996.0601,11.626,0.205,Russia
1996.0701,16.032,0.213,Russia
1996.0801,11.879000000000001,0.173,Russia
1996.0901,4.481,0.185,Russia
1996.1001,-4.024,0.192,Russia
1996.1101,-13.516000000000002,0.141,Russia
1996.1201,-23.144,0.297,Russia
1997.0101,-24.998,0.289,Russia
1997.0201,-21.054000000000002,0.266,Russia
1997.0301,-12.364,0.294,Russia
1997.0401,-1.168,0.18600000000000005,Russia
1997.0501,5.317,0.234,Russia
1997.0601,12.169,0.276,Russia
1997.0701,14.629000000000001,0.231,Russia
1997.0801,12.947000000000001,0.245,Russia
1997.0901,6.27,0.233,Russia
1997.1001,-1.94,0.253,Russia
1997.1101,-16.552,0.21,Russia
1997.1201,-24.814,0.234,Russia
1998.0101,-25.119,0.243,Russia
1998.0201,-22.662,0.203,Russia
1998.0301,-13.737,0.174,Russia
1998.0401,-6.42,0.221,Russia
1998.0501,3.6519999999999997,0.165,Russia
1998.0601,12.815,0.17800000000000002,Russia
1998.0701,16.677,0.183,Russia
1998.0801,13.795,0.165,Russia
1998.0901,5.0859999999999985,0.201,Russia
1998.1001,-5.227,0.17600000000000002,Russia
1998.1101,-20.077,0.202,Russia
1998.1201,-22.156,0.224,Russia
1999.0101,-25.122,0.217,Russia
1999.0201,-20.413,0.191,Russia
1999.0301,-18.748,0.133,Russia
1999.0401,-5.2700000000000005,0.27,Russia
1999.0501,4.6,0.161,Russia
1999.0601,12.018,0.185,Russia
1999.0701,16.412,0.228,Russia
1999.0801,12.275,0.16699999999999998,Russia
1999.0901,5.901,0.226,Russia
1999.1001,-3.282,0.209,Russia
1999.1101,-16.552,0.224,Russia
1999.1201,-19.776000000000003,0.235,Russia
2000.0101,-25.655,0.248,Russia
2000.0201,-19.527,0.21,Russia
2000.0301,-13.130999999999998,0.171,Russia
2000.0401,-2.3310000000000004,0.227,Russia
2000.0501,5.067,0.16899999999999998,Russia
2000.0601,13.247,0.269,Russia
2000.0701,15.647,0.275,Russia
2000.0801,13.446,0.218,Russia
2000.0901,6.097,0.172,Russia
2000.1001,-4.779,0.208,Russia
2000.1101,-17.747,0.173,Russia
2000.1201,-24.881999999999998,0.281,Russia
2001.0101,-26.538,0.309,Russia
2001.0201,-23.588,0.188,Russia
2001.0301,-14.547,0.195,Russia
2001.0401,-4.428,0.203,Russia
2001.0501,5.972,0.193,Russia
2001.0601,13.061,0.238,Russia
2001.0701,16.539,0.19,Russia
2001.0801,13.635,0.197,Russia
2001.0901,5.8519999999999985,0.251,Russia
2001.1001,-4.314,0.223,Russia
2001.1101,-12.580000000000002,0.252,Russia
2001.1201,-22.951999999999998,0.206,Russia
2002.0101,-22.833000000000002,0.181,Russia
2002.0201,-18.918,0.212,Russia
2002.0301,-10.623,0.174,Russia
2002.0401,-4.569,0.16699999999999998,Russia
2002.0501,5.178,0.155,Russia
2002.0601,12.978,0.236,Russia
2002.0701,16.246,0.246,Russia
2002.0801,12.989,0.188,Russia
2002.0901,6.138,0.199,Russia
2002.1001,-4.271,0.262,Russia
2002.1101,-15.380999999999998,0.204,Russia
2002.1201,-26.409,0.274,Russia
2003.0101,-23.761,0.198,Russia
2003.0201,-21.948,0.188,Russia
2003.0301,-12.913,0.208,Russia
2003.0401,-4.3130000000000015,0.2,Russia
2003.0501,5.41,0.223,Russia
2003.0601,12.098,0.41,Russia
2003.0701,15.967,0.337,Russia
2003.0801,13.94,0.265,Russia
2003.0901,7.336,0.297,Russia
2003.1001,-2.528,0.3720000000000001,Russia
2003.1101,-16.3,0.207,Russia
2003.1201,-18.982,0.16,Russia
2004.0101,-23.177,0.152,Russia
2004.0201,-21.72,0.266,Russia
2004.0301,-14.331,0.166,Russia
2004.0401,-5.882000000000001,0.15,Russia
2004.0501,4.84,0.157,Russia
2004.0601,12.218,0.302,Russia
2004.0701,15.558,0.195,Russia
2004.0801,12.587,0.254,Russia
2004.0901,6.854,0.168,Russia
2004.1001,-4.095,0.277,Russia
2004.1101,-12.596000000000002,0.303,Russia
2004.1201,-24.179,0.301,Russia
2005.0101,-21.983,0.322,Russia
2005.0201,-23.305999999999997,0.268,Russia
2005.0301,-14.3,0.243,Russia
2005.0401,-3.8289999999999997,0.205,Russia
2005.0501,6.267,0.199,Russia
2005.0601,12.988,0.214,Russia
2005.0701,16.244,0.182,Russia
2005.0801,13.249,0.171,Russia
2005.0901,7.885999999999999,0.14400000000000002,Russia
2005.1001,-1.723,0.231,Russia
2005.1101,-11.927999999999999,0.179,Russia
2005.1201,-21.541999999999998,0.201,Russia
2006.0101,-28.436999999999998,0.425,Russia
2006.0201,-22.873,0.28,Russia
2006.0301,-14.475,0.274,Russia
2006.0401,-7.211,0.28300000000000003,Russia
2006.0501,4.691,0.287,Russia
2006.0601,13.619000000000002,0.266,Russia
2006.0701,15.445,0.313,Russia
2006.0801,12.928,0.244,Russia
2006.0901,7.428999999999999,0.174,Russia
2006.1001,-4.412,0.191,Russia
2006.1101,-14.505,0.166,Russia
2006.1201,-19.355,0.241,Russia
2007.0101,-18.722,0.217,Russia
2007.0201,-23.872,0.277,Russia
2007.0301,-12.616,0.185,Russia
2007.0401,-1.383,0.244,Russia
2007.0501,5.657,0.177,Russia
2007.0601,12.267000000000001,0.264,Russia
2007.0701,16.252,0.267,Russia
2007.0801,14.290999999999999,0.17600000000000002,Russia
2007.0901,7.559,0.256,Russia
2007.1001,-1.7739999999999996,0.219,Russia
2007.1101,-13.663,0.173,Russia
2007.1201,-19.697000000000006,0.293,Russia
2008.0101,-23.904,0.329,Russia
2008.0201,-19.327,0.197,Russia
2008.0301,-10.432,0.221,Russia
2008.0401,-4.715,0.174,Russia
2008.0501,5.178999999999999,0.205,Russia
2008.0601,12.849,0.206,Russia
2008.0701,15.835,0.205,Russia
2008.0801,13.603,0.241,Russia
2008.0901,6.3260000000000005,0.202,Russia
2008.1001,-1.206,0.16399999999999998,Russia
2008.1101,-12.93,0.188,Russia
2008.1201,-20.943,0.22,Russia
2009.0101,-23.276999999999997,0.373,Russia
2009.0201,-24.563000000000002,0.226,Russia
2009.0301,-14.159,0.153,Russia
2009.0401,-3.3240000000000003,0.201,Russia
2009.0501,4.9,0.2,Russia
2009.0601,12.675999999999998,0.226,Russia
2009.0701,15.459000000000001,0.334,Russia
2009.0801,12.970999999999998,0.238,Russia
2009.0901,7.693,0.168,Russia
2009.1001,-2.438,0.14800000000000002,Russia
2009.1101,-16.23,0.225,Russia
2009.1201,-25.01,0.266,Russia
2010.0101,-26.705,0.35700000000000004,Russia
2010.0201,-25.230999999999998,0.225,Russia
2010.0301,-15.217,0.27,Russia
2010.0401,-4.606,0.128,Russia
2010.0501,6.487,0.166,Russia
2010.0601,13.246,0.223,Russia
2010.0701,16.893,0.28300000000000003,Russia
2010.0801,13.724,0.236,Russia
2010.0901,6.442,0.15,Russia
2010.1001,-2.853,0.14,Russia
2010.1101,-12.433000000000002,0.22,Russia
2010.1201,-23.994000000000003,0.214,Russia
2011.0101,-23.954,0.249,Russia
2011.0201,-23.601999999999997,0.274,Russia
2011.0301,-11.214,0.161,Russia
2011.0401,-1.6610000000000005,0.159,Russia
2011.0501,6.0950000000000015,0.149,Russia
2011.0601,13.688,0.273,Russia
2011.0701,16.359,0.273,Russia
2011.0801,13.245,0.171,Russia
2011.0901,6.729,0.14400000000000002,Russia
2011.1001,-1.3659999999999999,0.251,Russia
2011.1101,-15.168,0.257,Russia
2011.1201,-19.97,0.294,Russia
2012.0101,-24.229,0.317,Russia
2012.0201,-22.502,0.22,Russia
2012.0301,-15.098,0.19,Russia
2012.0401,-2.503,0.219,Russia
2012.0501,6.5939999999999985,0.253,Russia
2012.0601,14.441,0.32,Russia
2012.0701,16.741,0.374,Russia
2012.0801,13.014000000000001,0.422,Russia
2012.0901,7.769,0.266,Russia
2012.1001,-2.708,0.498,Russia
2012.1101,-13.9,0.511,Russia
2012.1201,-24.44,0.508,Russia
2013.0101,-25.53,0.463,Russia
2013.0201,-22.429,0.48,Russia
2013.0301,-16.67,0.607,Russia
2013.0401,-2.986,0.444,Russia
2013.0501,6.3130000000000015,0.396,Russia
2013.0601,13.326999999999998,0.404,Russia
2013.0701,16.051,0.409,Russia
2013.0801,13.819,0.328,Russia
2013.0901,40,0.5,Russia
